hour_utc,anchor_block,l1_gas_price_gwei,avg_gas_used,avg_gas_limit,utilization_pct,avg_tx_count,base_fee_gwei,n_blocks_sampled
2026-06-12T16:00:00+00:00,96575448,0.562530,213567,60000000,0.3559,1.67,50.00,6
2026-06-12T17:00:00+00:00,96576644,0.312915,66480,60000000,0.1108,1.17,50.00,6
2026-06-12T18:00:00+00:00,96578444,0.177648,134378,60000000,0.2240,1.50,50.00,6
2026-06-12T19:00:00+00:00,96580244,0.184142,77853,60000000,0.1298,1.33,50.00,6
2026-06-12T20:00:00+00:00,96582044,0.130544,73192,60000000,0.1220,1.50,50.00,6
2026-06-12T21:00:00+00:00,96583844,0.161869,76490,60000000,0.1275,1.17,50.00,6
2026-06-12T22:00:00+00:00,96585644,0.124116,50026,60000000,0.0834,1.00,50.00,6
2026-06-12T23:00:00+00:00,96587444,0.134001,115753,60000000,0.1929,1.33,50.00,6
2026-06-13T00:00:00+00:00,96589244,0.144951,46297,60000000,0.0772,1.00,50.00,6
2026-06-13T01:00:00+00:00,96591044,0.145841,114356,60000000,0.1906,1.33,50.00,6
2026-06-13T02:00:00+00:00,96592844,0.124352,165943,60000000,0.2766,1.67,50.00,6
2026-06-13T03:00:00+00:00,96594644,0.130404,167014,60000000,0.2784,2.33,50.00,6
2026-06-13T04:00:00+00:00,96596444,0.116505,159411,60000000,0.2657,1.67,50.00,6
2026-06-13T05:00:00+00:00,96598244,0.108747,67328,60000000,0.1122,1.17,50.00,6
2026-06-13T06:00:00+00:00,96600044,0.127197,54898,60000000,0.0915,1.17,50.00,6
2026-06-13T07:00:00+00:00,96601844,0.116771,170863,60000000,0.2848,2.00,50.00,6
2026-06-13T08:00:00+00:00,96603644,0.102737,274650,60000000,0.4578,2.00,50.00,6
2026-06-13T09:00:00+00:00,96605444,0.139308,244934,60000000,0.4082,2.33,50.00,6
2026-06-13T10:00:00+00:00,96607244,0.113824,72416,60000000,0.1207,1.33,50.00,6
2026-06-13T11:00:00+00:00,96609044,0.113020,71397,60000000,0.1190,1.33,50.00,6
2026-06-13T12:00:00+00:00,96610844,0.105842,90398,60000000,0.1507,1.83,50.00,6
2026-06-13T13:00:00+00:00,96612644,0.142917,127108,60000000,0.2118,1.50,50.00,6
2026-06-13T14:00:00+00:00,96614444,0.149381,71163,60000000,0.1186,1.33,50.00,6
2026-06-13T15:00:00+00:00,96616244,0.158524,117353,60000000,0.1956,2.00,50.00,6
2026-06-13T16:00:00+00:00,96618044,0.167924,90396,60000000,0.1507,1.83,50.00,6
2026-06-13T17:00:00+00:00,96619844,0.146458,108042,60000000,0.1801,2.17,50.00,6
2026-06-13T18:00:00+00:00,96621644,0.129723,60432,60000000,0.1007,1.33,50.00,6
2026-06-13T19:00:00+00:00,96623444,0.124054,105928,60000000,0.1765,1.83,50.00,6
2026-06-13T20:00:00+00:00,96625244,0.142848,70930,60000000,0.1182,1.17,50.00,6
2026-06-13T21:00:00+00:00,96627044,0.139297,54035,60000000,0.0901,1.33,50.00,6
2026-06-13T22:00:00+00:00,96628844,0.138263,66879,60000000,0.1115,1.17,50.00,6
2026-06-13T23:00:00+00:00,96630644,0.106890,72216,60000000,0.1204,1.17,50.00,6
2026-06-14T00:00:00+00:00,96632444,0.126518,201409,60000000,0.3357,1.83,50.00,6
2026-06-14T01:00:00+00:00,96634244,0.132252,46297,60000000,0.0772,1.00,50.00,6
2026-06-14T02:00:00+00:00,96636044,0.099797,56453,60000000,0.0941,1.17,50.00,6
2026-06-14T03:00:00+00:00,96637844,0.135992,89610,60000000,0.1493,1.17,50.00,6
2026-06-14T04:00:00+00:00,96639644,0.126042,53756,60000000,0.0896,1.00,50.00,6
2026-06-14T05:00:00+00:00,96641444,0.115385,46299,60000000,0.0772,1.00,50.00,6
2026-06-14T06:00:00+00:00,96643244,0.128887,87890,60000000,0.1465,1.33,50.00,6
2026-06-14T07:00:00+00:00,96645044,0.123183,73824,60000000,0.1230,1.33,50.00,6
2026-06-14T08:00:00+00:00,96646844,0.130188,77555,60000000,0.1293,1.33,50.00,6
2026-06-14T09:00:00+00:00,96648644,0.103010,102200,60000000,0.1703,1.50,50.00,6
2026-06-14T10:00:00+00:00,96650444,0.113018,68316,60000000,0.1139,1.17,50.00,6
2026-06-14T11:00:00+00:00,96652244,0.165294,87069,60000000,0.1451,1.33,50.00,6
2026-06-14T12:00:00+00:00,96654044,0.126293,115201,60000000,0.1920,1.33,50.00,6
2026-06-14T13:00:00+00:00,96655844,0.148928,201615,60000000,0.3360,2.17,50.00,6
2026-06-14T14:00:00+00:00,96657644,0.146307,130580,60000000,0.2176,1.83,50.00,6
2026-06-14T15:00:00+00:00,96659444,0.155985,164206,60000000,0.2737,2.50,50.00,6
2026-06-14T16:00:00+00:00,96661244,0.115007,207719,60000000,0.3462,3.00,50.00,6
2026-06-14T17:00:00+00:00,96663044,0.157160,116738,60000000,0.1946,1.83,50.00,6
2026-06-14T18:00:00+00:00,96664844,0.099703,125694,60000000,0.2095,2.50,50.00,6
2026-06-14T19:00:00+00:00,96666644,0.078944,86687,60000000,0.1445,1.33,50.00,6
2026-06-14T20:00:00+00:00,96668444,0.078794,159583,60000000,0.2660,2.17,50.00,6
2026-06-14T21:00:00+00:00,96670244,0.060987,192630,60000000,0.3211,2.00,50.00,6
2026-06-14T22:00:00+00:00,96672044,0.190827,182900,60000000,0.3048,1.83,50.00,6
2026-06-14T23:00:00+00:00,96673844,0.060475,121605,60000000,0.2027,1.50,50.00,6
2026-06-15T00:00:00+00:00,96675644,0.064867,189261,60000000,0.3154,1.67,50.00,6
2026-06-15T01:00:00+00:00,96677444,0.056590,73764,60000000,0.1229,1.17,50.00,6
2026-06-15T02:00:00+00:00,96679244,0.059083,88315,60000000,0.1472,1.33,50.00,6
2026-06-15T03:00:00+00:00,96681044,0.059350,101350,60000000,0.1689,2.00,50.00,6
2026-06-15T04:00:00+00:00,96682844,0.106384,170124,60000000,0.2835,2.00,50.00,6
2026-06-15T05:00:00+00:00,96684644,0.064902,100277,60000000,0.1671,1.33,50.00,6
2026-06-15T06:00:00+00:00,96686444,0.056144,127633,60000000,0.2127,1.33,50.00,6
2026-06-15T07:00:00+00:00,96688244,0.058044,135562,60000000,0.2259,2.00,50.00,6
2026-06-15T08:00:00+00:00,96690044,0.057347,78150,60000000,0.1303,1.67,50.00,6
2026-06-15T09:00:00+00:00,96691844,0.085082,140828,60000000,0.2347,2.33,50.00,6
2026-06-15T10:00:00+00:00,96693644,0.059970,63996,60000000,0.1067,1.17,50.00,6
2026-06-15T11:00:00+00:00,96695444,0.104420,188711,60000000,0.3145,2.33,50.00,6
2026-06-15T12:00:00+00:00,96697244,0.142678,120692,60000000,0.2012,1.50,50.00,6
2026-06-15T13:00:00+00:00,96699044,0.304589,520388,60000000,0.8673,3.00,50.00,6
2026-06-15T14:00:00+00:00,96700844,0.975967,271857,60000000,0.4531,2.17,50.00,6
2026-06-15T15:00:00+00:00,96702644,0.340075,161597,60000000,0.2693,2.00,50.00,6
2026-06-15T16:00:00+00:00,96704444,0.939876,275516,60000000,0.4592,2.50,50.00,6
2026-06-15T17:00:00+00:00,96706244,0.401808,158137,60000000,0.2636,1.83,50.00,6
2026-06-15T18:00:00+00:00,96708044,0.244705,108833,60000000,0.1814,1.33,50.00,6
2026-06-15T19:00:00+00:00,96709844,0.181716,243887,60000000,0.4065,2.33,50.00,6
2026-06-15T20:00:00+00:00,96711644,0.217569,51887,60000000,0.0865,1.00,50.00,6
2026-06-15T21:00:00+00:00,96713444,0.103910,67092,60000000,0.1118,1.17,50.00,6
2026-06-15T22:00:00+00:00,96715244,0.095104,81140,60000000,0.1352,1.33,50.00,6
2026-06-15T23:00:00+00:00,96717044,0.081156,76636,60000000,0.1277,1.50,50.00,6
2026-06-16T00:00:00+00:00,96718844,0.052641,160059,60000000,0.2668,1.83,50.00,6
2026-06-16T01:00:00+00:00,96720644,0.070584,81297,60000000,0.1355,1.17,50.00,6
2026-06-16T02:00:00+00:00,96722444,0.058809,140344,60000000,0.2339,1.67,50.00,6
2026-06-16T03:00:00+00:00,96724244,0.072224,63944,60000000,0.1066,1.33,50.00,6
2026-06-16T04:00:00+00:00,96726044,0.074763,83454,60000000,0.1391,1.67,50.00,6
2026-06-16T05:00:00+00:00,96727844,0.127596,72655,60000000,0.1211,1.17,50.00,6
2026-06-16T06:00:00+00:00,96729644,0.150135,140915,60000000,0.2349,1.83,50.00,6
2026-06-16T07:00:00+00:00,96731444,0.073655,161628,60000000,0.2694,2.50,50.00,6
2026-06-16T08:00:00+00:00,96733244,0.110536,69161,60000000,0.1153,1.33,50.00,6
2026-06-16T09:00:00+00:00,96735044,0.183519,137470,60000000,0.2291,2.17,50.00,6
2026-06-16T10:00:00+00:00,96736844,0.143845,327479,60000000,0.5458,2.33,50.00,6
2026-06-16T11:00:00+00:00,96738644,0.083108,129939,60000000,0.2166,1.83,50.00,6
2026-06-16T12:00:00+00:00,96740444,0.075714,1809059,60000000,3.0151,3.33,50.00,6
2026-06-16T13:00:00+00:00,96742244,0.218976,114409,60000000,0.1907,1.50,50.00,6
2026-06-16T14:00:00+00:00,96744044,0.206334,137394,60000000,0.2290,1.83,50.00,6
2026-06-16T15:00:00+00:00,96745844,0.445566,72224,60000000,0.1204,1.33,50.00,6
2026-06-16T16:00:00+00:00,96747644,0.330246,108262,60000000,0.1804,1.67,50.00,6
2026-06-16T17:00:00+00:00,96749444,0.236165,125236,60000000,0.2087,1.50,50.00,6
2026-06-16T18:00:00+00:00,96751244,0.170163,171212,60000000,0.2854,1.67,50.00,6
2026-06-16T19:00:00+00:00,96753044,0.138405,97980,60000000,0.1633,1.67,50.00,6
2026-06-16T20:00:00+00:00,96754844,0.112017,123228,60000000,0.2054,1.50,50.00,6
2026-06-16T21:00:00+00:00,96756644,0.070486,94688,60000000,0.1578,1.67,50.00,6
2026-06-16T22:00:00+00:00,96758444,0.106300,50026,60000000,0.0834,1.00,50.00,6
2026-06-16T23:00:00+00:00,96760244,0.120472,74458,60000000,0.1241,1.33,50.00,6
2026-06-17T00:00:00+00:00,96762044,0.090315,71833,60000000,0.1197,1.17,50.00,6
2026-06-17T01:00:00+00:00,96763844,0.092812,63940,60000000,0.1066,1.33,50.00,6
2026-06-17T02:00:00+00:00,96765644,0.111760,165508,60000000,0.2758,2.50,50.00,6
2026-06-17T03:00:00+00:00,96767444,0.109771,214680,60000000,0.3578,2.00,50.00,6
2026-06-17T04:00:00+00:00,96769244,0.085795,63942,60000000,0.1066,1.33,50.00,6
2026-06-17T05:00:00+00:00,96771044,0.090918,46297,60000000,0.0772,1.00,50.00,6
2026-06-17T06:00:00+00:00,96772844,0.117784,84948,60000000,0.1416,1.50,50.00,6
2026-06-17T07:00:00+00:00,96774644,0.104581,85608,60000000,0.1427,1.50,50.00,6
2026-06-17T08:00:00+00:00,96776444,0.108907,369114,60000000,0.6152,2.00,50.00,6
2026-06-17T09:00:00+00:00,96778244,0.118416,72762,60000000,0.1213,1.50,50.00,6
2026-06-17T10:00:00+00:00,96780044,0.147438,125690,60000000,0.2095,2.50,50.00,2
2026-06-17T11:00:00+00:00,96781844,0.159448,51426,60000000,0.0857,1.00,50.00,6
2026-06-17T12:00:00+00:00,96783644,0.132333,63302,60000000,0.1055,1.17,50.00,6
2026-06-17T13:00:00+00:00,96785444,0.292649,200144,60000000,0.3336,2.50,50.00,6
2026-06-17T14:00:00+00:00,96787244,0.370602,102742,60000000,0.1712,2.17,50.00,6
2026-06-17T15:00:00+00:00,96789044,0.438938,230219,60000000,0.3837,2.17,50.00,6
2026-06-17T16:00:00+00:00,96790844,0.417721,151376,60000000,0.2523,2.17,50.00,6
2026-06-17T17:00:00+00:00,96792644,0.226687,86307,60000000,0.1438,1.50,50.00,6
2026-06-17T18:00:00+00:00,96794444,0.257236,126568,60000000,0.2109,2.00,50.00,6
2026-06-17T19:00:00+00:00,96796244,0.129921,305613,60000000,0.5094,3.17,50.00,6
2026-06-17T20:00:00+00:00,96798044,0.181782,171922,60000000,0.2865,1.50,50.00,6
2026-06-17T21:00:00+00:00,96799844,0.172229,46297,60000000,0.0772,1.00,50.00,6
2026-06-17T22:00:00+00:00,96801644,0.144556,55252,60000000,0.0921,1.17,50.00,6
2026-06-17T23:00:00+00:00,96803444,0.129212,128497,60000000,0.2142,1.33,50.00,6
2026-06-18T00:00:00+00:00,96805244,0.169719,1645987,60000000,2.7433,5.17,50.00,6
2026-06-18T01:00:00+00:00,96807044,0.129124,50022,60000000,0.0834,1.00,50.00,6
2026-06-18T02:00:00+00:00,96808844,0.122146,97108,60000000,0.1618,1.50,50.00,6
2026-06-18T03:00:00+00:00,96810644,0.121375,75017,60000000,0.1250,1.33,50.00,6
2026-06-18T04:00:00+00:00,96812444,0.181871,116877,60000000,0.1948,2.33,50.00,6
2026-06-18T05:00:00+00:00,96814244,0.103532,135065,60000000,0.2251,1.67,50.00,6
2026-06-18T06:00:00+00:00,96816044,0.111043,1764723,60000000,2.9412,2.00,50.00,6
2026-06-18T07:00:00+00:00,96817844,0.123267,54331,60000000,0.0906,1.17,50.00,6
2026-06-18T08:00:00+00:00,96819644,0.145315,96572,60000000,0.1610,1.50,50.00,6
2026-06-18T09:00:00+00:00,96821444,0.110436,82076,60000000,0.1368,1.33,50.00,6
2026-06-18T10:00:00+00:00,96823244,0.149140,55116,60000000,0.0919,1.17,50.00,6
2026-06-18T11:00:00+00:00,96825044,0.234843,111554,60000000,0.1859,2.33,50.00,6
2026-06-18T12:00:00+00:00,96826844,0.289823,94511,60000000,0.1575,1.50,50.00,6
2026-06-18T13:00:00+00:00,96828644,0.193491,105534,60000000,0.1759,1.50,50.00,6
2026-06-18T14:00:00+00:00,96830444,0.479356,172837,60000000,0.2881,2.00,50.00,6
2026-06-18T15:00:00+00:00,96832244,0.368496,218970,60000000,0.3649,2.83,50.00,6
2026-06-18T16:00:00+00:00,96834044,1.755506,137909,60000000,0.2298,2.17,50.00,6
2026-06-18T17:00:00+00:00,96835844,0.328628,111802,60000000,0.1863,1.33,50.00,6
2026-06-18T18:00:00+00:00,96837644,0.186904,141244,60000000,0.2354,1.50,50.00,6
2026-06-18T19:00:00+00:00,96839444,0.139775,88804,60000000,0.1480,1.33,50.00,6
2026-06-18T20:00:00+00:00,96841244,0.150870,97215,60000000,0.1620,1.17,50.00,6
2026-06-18T21:00:00+00:00,96843044,0.136275,67332,60000000,0.1122,1.17,50.00,6
2026-06-18T22:00:00+00:00,96844844,1.054266,98435,60000000,0.1641,1.50,50.00,6
2026-06-18T23:00:00+00:00,96846644,0.122722,70326,60000000,0.1172,1.17,50.00,6
2026-06-19T00:00:00+00:00,96848444,0.137905,105041,60000000,0.1751,1.50,50.00,6
2026-06-19T01:00:00+00:00,96850244,0.131125,67326,60000000,0.1122,1.17,50.00,6
2026-06-19T02:00:00+00:00,96852044,0.534649,76295,60000000,0.1272,1.33,50.00,6
2026-06-19T03:00:00+00:00,96853844,0.132679,154853,60000000,0.2581,2.17,50.00,6
2026-06-19T04:00:00+00:00,96855644,0.110727,205779,60000000,0.3430,1.67,50.00,6
2026-06-19T05:00:00+00:00,96857444,0.130874,53595,60000000,0.0893,1.17,50.00,6
2026-06-19T06:00:00+00:00,96859244,0.057553,67216,60000000,0.1120,1.17,50.00,6
2026-06-19T07:00:00+00:00,96861044,0.115914,126952,60000000,0.2116,2.00,50.00,6
2026-06-19T08:00:00+00:00,96862844,0.084049,65805,60000000,0.1097,1.33,50.00,6
2026-06-19T09:00:00+00:00,96864644,0.087579,155290,60000000,0.2588,2.00,50.00,6
2026-06-19T10:00:00+00:00,96866444,0.068293,147983,60000000,0.2466,1.83,50.00,6
2026-06-19T11:00:00+00:00,96868244,0.074769,151305,60000000,0.2522,2.50,50.00,6
2026-06-19T12:00:00+00:00,96870044,0.089914,114574,60000000,0.1910,2.17,50.00,6
2026-06-19T13:00:00+00:00,96871844,0.225206,170838,60000000,0.2847,2.50,50.00,6
2026-06-19T14:00:00+00:00,96873644,0.218070,99739,60000000,0.1662,1.67,50.00,6
2026-06-19T15:00:00+00:00,96875444,0.171212,53989,60000000,0.0900,1.17,50.00,6
2026-06-19T16:00:00+00:00,96877244,0.199187,71889,60000000,0.1198,1.17,50.00,6
2026-06-19T17:00:00+00:00,96879044,0.237411,171926,60000000,0.2865,2.17,50.00,6
2026-06-19T18:00:00+00:00,96880844,0.125628,76460,60000000,0.1274,1.33,50.00,6
2026-06-19T19:00:00+00:00,96882644,0.168863,99736,60000000,0.1662,1.67,50.00,6
2026-06-19T20:00:00+00:00,96884444,0.147897,87734,60000000,0.1462,1.33,50.00,6
2026-06-19T21:00:00+00:00,96886244,0.167958,95389,60000000,0.1590,1.33,50.00,6
2026-06-19T22:00:00+00:00,96888044,0.101290,66308,60000000,0.1105,1.17,50.00,6
2026-06-19T23:00:00+00:00,96889844,0.220792,106930,60000000,0.1782,1.50,50.00,6
2026-06-20T00:00:00+00:00,96891644,0.149467,252131,60000000,0.4202,1.67,50.00,6
2026-06-20T01:00:00+00:00,96893444,0.131525,51889,60000000,0.0865,1.00,50.00,6
2026-06-20T02:00:00+00:00,96895244,0.143061,51664,60000000,0.0861,1.17,50.00,6
2026-06-20T03:00:00+00:00,96897044,0.148875,74002,60000000,0.1233,1.33,50.00,6
2026-06-20T04:00:00+00:00,96898844,0.131873,127027,60000000,0.2117,2.50,50.00,6
2026-06-20T05:00:00+00:00,96900644,0.113353,154787,60000000,0.2580,2.67,50.00,6
2026-06-20T06:00:00+00:00,96902444,0.186665,128168,60000000,0.2136,2.33,50.00,6
2026-06-20T07:00:00+00:00,96904244,0.123450,129384,60000000,0.2156,2.33,50.00,6
2026-06-20T08:00:00+00:00,96906044,0.168383,123378,60000000,0.2056,2.17,50.00,6
2026-06-20T09:00:00+00:00,96907844,0.140195,74012,60000000,0.1234,1.33,50.00,6
2026-06-20T10:00:00+00:00,96909644,0.119106,78991,60000000,0.1317,1.50,50.00,6
2026-06-20T11:00:00+00:00,96911444,0.296405,53605,60000000,0.0893,1.17,50.00,6
2026-06-20T12:00:00+00:00,96913244,0.157629,90480,60000000,0.1508,1.50,50.00,6
2026-06-20T13:00:00+00:00,96915044,0.188176,67096,60000000,0.1118,1.17,50.00,6
2026-06-20T14:00:00+00:00,96916844,0.146684,58085,60000000,0.0968,1.17,50.00,6
2026-06-20T15:00:00+00:00,96918644,0.137488,77638,60000000,0.1294,1.50,50.00,6
2026-06-20T16:00:00+00:00,96920444,0.120157,65671,60000000,0.1095,1.17,50.00,6
2026-06-20T17:00:00+00:00,96922244,0.179505,78934,60000000,0.1316,1.33,50.00,6
2026-06-20T18:00:00+00:00,96924044,0.132634,46297,60000000,0.0772,1.00,50.00,6
2026-06-20T19:00:00+00:00,96925844,0.114925,53291,60000000,0.0888,1.00,50.00,6
2026-06-20T20:00:00+00:00,96927644,0.106661,46297,60000000,0.0772,1.00,50.00,6
2026-06-20T21:00:00+00:00,96929444,0.086746,46297,60000000,0.0772,1.00,50.00,6
2026-06-20T22:00:00+00:00,96931244,0.089326,46297,60000000,0.0772,1.00,50.00,6
2026-06-20T23:00:00+00:00,96933044,0.075196,54281,60000000,0.0905,1.17,50.00,6
2026-06-21T00:00:00+00:00,96934844,0.068057,54014,60000000,0.0900,1.17,50.00,6
2026-06-21T01:00:00+00:00,96936644,0.077688,46289,60000000,0.0771,1.00,50.00,6
2026-06-21T02:00:00+00:00,96938444,0.062596,56451,60000000,0.0941,1.17,50.00,6
2026-06-21T03:00:00+00:00,96940244,0.076178,88626,60000000,0.1477,1.50,50.00,6
2026-06-21T04:00:00+00:00,96942044,0.109902,85783,60000000,0.1430,1.33,50.00,6
2026-06-21T05:00:00+00:00,96943844,0.134726,46297,60000000,0.0772,1.00,50.00,6
2026-06-21T06:00:00+00:00,96945644,0.119517,46297,60000000,0.0772,1.00,50.00,6
2026-06-21T07:00:00+00:00,96947444,0.125837,68470,60000000,0.1141,1.17,50.00,6
2026-06-21T08:00:00+00:00,96949244,0.123586,52822,60000000,0.0880,1.00,50.00,6
2026-06-21T09:00:00+00:00,96951044,0.112572,81585,60000000,0.1360,1.67,50.00,6
2026-06-21T10:00:00+00:00,96952844,0.482881,301004,60000000,0.5017,2.33,50.00,6
2026-06-21T11:00:00+00:00,96954644,0.128891,139558,60000000,0.2326,2.67,50.00,6
2026-06-21T12:00:00+00:00,96956444,0.134046,69069,60000000,0.1151,1.33,50.00,6
2026-06-21T13:00:00+00:00,96958244,0.082142,49095,60000000,0.0818,1.00,50.00,6
2026-06-21T14:00:00+00:00,96960044,0.133142,437340,60000000,0.7289,1.33,50.00,6
2026-06-21T15:00:00+00:00,96961844,0.136360,62138,60000000,0.1036,1.33,50.00,6
2026-06-21T16:00:00+00:00,96963644,0.115144,241348,60000000,0.4022,3.00,50.00,6
2026-06-21T17:00:00+00:00,96965444,0.117513,61413,60000000,0.1024,1.17,50.00,6
2026-06-21T18:00:00+00:00,96967244,0.112867,96563,60000000,0.1609,1.33,50.00,6
2026-06-21T19:00:00+00:00,96969044,0.098270,170844,60000000,0.2847,2.50,50.00,6
2026-06-21T20:00:00+00:00,96970844,0.108188,48162,60000000,0.0803,1.00,50.00,6
2026-06-21T21:00:00+00:00,96972644,0.131865,359849,60000000,0.5997,2.50,50.00,6
2026-06-21T22:00:00+00:00,96974444,0.111352,57661,60000000,0.0961,1.17,50.00,6
2026-06-21T23:00:00+00:00,96976244,0.067428,46297,60000000,0.0772,1.00,50.00,6
2026-06-22T00:00:00+00:00,96978044,0.064976,113943,60000000,0.1899,1.50,50.00,6
2026-06-22T01:00:00+00:00,96979844,0.114332,124472,60000000,0.2075,1.17,50.00,6
2026-06-22T02:00:00+00:00,96981644,0.078123,52042,60000000,0.0867,1.17,50.00,6
2026-06-22T03:00:00+00:00,96983444,0.069083,116427,60000000,0.1940,2.17,50.00,6
2026-06-22T04:00:00+00:00,96985244,0.071008,150869,60000000,0.2514,2.50,50.00,6
2026-06-22T05:00:00+00:00,96987044,0.066147,104117,60000000,0.1735,1.83,50.00,6
2026-06-22T06:00:00+00:00,96988844,0.150900,148443,60000000,0.2474,2.20,50.00,5
2026-06-22T07:00:00+00:00,96990644,0.101535,112882,60000000,0.1881,2.33,50.00,6
2026-06-22T08:00:00+00:00,96992444,0.238744,185357,60000000,0.3089,2.50,50.00,6
2026-06-22T09:00:00+00:00,96994244,0.133650,81150,60000000,0.1353,1.50,50.00,6
2026-06-22T10:00:00+00:00,96996044,0.114921,142751,60000000,0.2379,1.50,50.00,6
2026-06-22T11:00:00+00:00,96997844,0.120147,279486,60000000,0.4658,2.00,50.00,6
2026-06-22T12:00:00+00:00,96999644,0.118969,122328,60000000,0.2039,2.17,50.00,6
2026-06-22T13:00:00+00:00,97001444,0.138348,100262,60000000,0.1671,1.33,50.00,6
2026-06-22T14:00:00+00:00,97003244,0.284521,110870,60000000,0.1848,1.67,50.00,6
2026-06-22T15:00:00+00:00,97005044,0.812396,156594,60000000,0.2610,1.50,50.00,6
2026-06-22T16:00:00+00:00,97006844,0.524884,65245,60000000,0.1087,1.33,50.00,6
2026-06-22T17:00:00+00:00,97008644,0.202770,46295,60000000,0.0772,1.00,50.00,6
2026-06-22T18:00:00+00:00,97010444,0.173700,103557,60000000,0.1726,1.33,50.00,6
2026-06-22T19:00:00+00:00,97012244,0.155382,84563,60000000,0.1409,1.33,50.00,6
2026-06-22T20:00:00+00:00,97014044,0.312704,283844,60000000,0.4731,2.00,50.00,6
2026-06-22T21:00:00+00:00,97015844,0.124648,135753,60000000,0.2263,1.67,50.00,6
2026-06-22T22:00:00+00:00,97017644,0.128038,80356,60000000,0.1339,1.17,50.00,6
2026-06-22T23:00:00+00:00,97019444,0.151831,50379,60000000,0.0840,1.17,50.00,6
2026-06-23T00:00:00+00:00,97021244,0.128897,46299,60000000,0.0772,1.00,50.00,3
2026-06-23T01:00:00+00:00,97023044,0.096712,84658,60000000,0.1411,1.67,50.00,6
2026-06-23T02:00:00+00:00,97024844,0.094163,80426,60000000,0.1340,1.33,50.00,6
2026-06-23T03:00:00+00:00,97026644,0.101818,65494,60000000,0.1092,1.17,50.00,6
2026-06-23T04:00:00+00:00,97028444,0.143999,135388,60000000,0.2256,1.50,50.00,6
2026-06-23T05:00:00+00:00,97030244,0.127782,66851,60000000,0.1114,1.17,50.00,6
2026-06-23T06:00:00+00:00,97032044,0.147254,136857,60000000,0.2281,1.83,50.00,6
2026-06-23T07:00:00+00:00,97033844,0.118059,108050,60000000,0.1801,2.17,50.00,6
2026-06-23T08:00:00+00:00,97035644,0.151694,176938,60000000,0.2949,3.00,50.00,6
2026-06-23T09:00:00+00:00,97037444,0.222894,207363,60000000,0.3456,2.50,50.00,6
2026-06-23T10:00:00+00:00,97039244,0.142014,165372,60000000,0.2756,2.67,50.00,6
2026-06-23T11:00:00+00:00,97041044,0.176577,82983,60000000,0.1383,1.67,50.00,6
2026-06-23T12:00:00+00:00,97042844,0.148931,87622,60000000,0.1460,1.50,50.00,6
2026-06-23T13:00:00+00:00,97044644,0.227654,92313,60000000,0.1539,1.33,50.00,6
2026-06-23T14:00:00+00:00,97046444,0.246925,46287,60000000,0.0771,1.00,50.00,1
2026-06-23T15:00:00+00:00,97048244,0.368932,50032,60000000,0.0834,1.00,50.00,6
2026-06-23T16:00:00+00:00,97050044,0.563432,259209,60000000,0.4320,1.83,50.00,6
2026-06-23T17:00:00+00:00,97051844,0.378217,160891,60000000,0.2682,1.33,50.00,6
2026-06-23T18:00:00+00:00,97053644,0.272127,118431,60000000,0.1974,1.17,50.00,6
2026-06-23T19:00:00+00:00,97055444,0.278603,123546,60000000,0.2059,1.67,50.00,6
2026-06-23T20:00:00+00:00,97057244,0.254399,136569,60000000,0.2276,2.00,50.00,6
2026-06-23T21:00:00+00:00,97059044,0.194508,66301,60000000,0.1105,1.17,50.00,6
2026-06-23T22:00:00+00:00,97060844,0.178140,88602,60000000,0.1477,1.33,50.00,6
2026-06-23T23:00:00+00:00,97062644,0.141723,92894,60000000,0.1548,1.33,50.00,6
2026-06-24T00:00:00+00:00,97064444,0.134120,137153,60000000,0.2286,1.33,50.00,6
2026-06-24T01:00:00+00:00,97066244,0.140471,111901,60000000,0.1865,1.33,50.00,6
2026-06-24T02:00:00+00:00,97068044,0.112892,291218,60000000,0.4854,2.33,50.00,6
2026-06-24T03:00:00+00:00,97069844,0.099453,307199,60000000,0.5120,2.83,50.00,6
2026-06-24T04:00:00+00:00,97071644,0.194583,266029,60000000,0.4434,2.17,50.00,6
2026-06-24T05:00:00+00:00,97073444,0.133607,291451,60000000,0.4858,2.83,50.00,6
2026-06-24T06:00:00+00:00,97075244,0.066890,303754,60000000,0.5063,3.17,50.00,6
2026-06-24T07:00:00+00:00,97077044,0.148870,304850,60000000,0.5081,3.17,50.00,6
2026-06-24T08:00:00+00:00,97078844,0.159088,293727,60000000,0.4895,3.00,50.00,6
2026-06-24T09:00:00+00:00,97080644,0.085528,325524,60000000,0.5425,3.17,50.00,6
2026-06-24T10:00:00+00:00,97082444,0.148189,292589,60000000,0.4876,3.17,50.00,6
2026-06-24T11:00:00+00:00,97084244,0.132874,216104,60000000,0.3602,3.00,50.00,6
2026-06-24T12:00:00+00:00,97086044,0.196807,120321,60000000,0.2005,1.67,50.00,6
2026-06-24T13:00:00+00:00,97087844,0.101930,97586,60000000,0.1626,1.50,50.00,6
2026-06-24T14:00:00+00:00,97089644,0.552465,216490,60000000,0.3608,1.33,50.00,6
2026-06-24T15:00:00+00:00,97091444,0.293179,174707,60000000,0.2912,2.00,50.00,1
2026-06-24T16:00:00+00:00,97093244,0.685798,156295,60000000,0.2605,1.83,50.00,6
2026-06-24T17:00:00+00:00,97095044,3.585022,55264,60000000,0.0921,1.17,50.00,6
2026-06-24T18:00:00+00:00,97096844,1.478146,113459,60000000,0.1891,1.83,50.00,6
2026-06-24T19:00:00+00:00,97098644,0.418872,46305,60000000,0.0772,1.00,50.00,6
2026-06-24T20:00:00+00:00,97100444,0.168128,211936,60000000,0.3532,1.50,50.00,6
2026-06-24T21:00:00+00:00,97102244,0.196300,66994,60000000,0.1117,1.17,50.00,6
2026-06-24T22:00:00+00:00,97104044,0.129770,66116,60000000,0.1102,1.17,50.00,6
2026-06-24T23:00:00+00:00,97105844,0.108441,55464,60000000,0.0924,1.17,50.00,6
2026-06-25T00:00:00+00:00,97107644,0.107528,2104079,60000000,3.5068,6.50,50.00,6
2026-06-25T01:00:00+00:00,97109444,0.100374,46293,60000000,0.0772,1.00,50.00,6
2026-06-25T02:00:00+00:00,97111244,0.129038,83508,60000000,0.1392,1.50,50.00,6
2026-06-25T03:00:00+00:00,97113044,0.080301,167111,60000000,0.2785,2.67,50.00,6
2026-06-25T04:00:00+00:00,97114844,0.078241,122004,60000000,0.2033,2.33,50.00,6
2026-06-25T05:00:00+00:00,97116644,0.135249,203922,60000000,0.3399,3.00,50.00,6
2026-06-25T06:00:00+00:00,97118444,0.109238,164182,60000000,0.2736,2.50,50.00,6
2026-06-25T07:00:00+00:00,97120244,0.153703,93912,60000000,0.1565,2.00,50.00,6
2026-06-25T08:00:00+00:00,97122044,0.233920,144700,60000000,0.2412,1.50,50.00,6
2026-06-25T09:00:00+00:00,97123844,0.174324,260209,60000000,0.4337,2.33,50.00,6
2026-06-25T10:00:00+00:00,97125644,0.272422,197759,60000000,0.3296,2.00,50.00,6
2026-06-25T11:00:00+00:00,97127444,0.201478,205887,60000000,0.3431,2.33,50.00,6
2026-06-25T12:00:00+00:00,97129244,0.303174,388705,60000000,0.6478,2.67,50.00,6
2026-06-25T13:00:00+00:00,97131044,0.296108,510614,60000000,0.8510,4.67,50.00,6
2026-06-25T14:00:00+00:00,97132844,9.990059,1034066,60000000,1.7234,5.17,50.00,6
2026-06-25T15:00:00+00:00,97134644,1.049744,245326,60000000,0.4089,2.50,50.00,6
2026-06-25T16:00:00+00:00,97136444,0.718860,812150,60000000,1.3536,2.50,50.00,6
2026-06-25T17:00:00+00:00,97138244,0.417671,70840,60000000,0.1181,1.33,50.00,6
2026-06-25T18:00:00+00:00,97140044,0.695145,77500,60000000,0.1292,1.33,50.00,6
2026-06-25T19:00:00+00:00,97141844,0.221234,106695,60000000,0.1778,1.33,50.00,6
2026-06-25T20:00:00+00:00,97143644,0.142686,177317,60000000,0.2955,2.00,50.00,6
2026-06-25T21:00:00+00:00,97145444,0.153181,80764,60000000,0.1346,1.33,50.00,6
2026-06-25T22:00:00+00:00,97147244,0.189925,63528,60000000,0.1059,1.17,50.00,6
2026-06-25T23:00:00+00:00,97149044,0.093328,178280,60000000,0.2971,2.33,50.00,6
2026-06-26T00:00:00+00:00,97150844,0.135916,111285,60000000,0.1855,1.50,50.00,6
2026-06-26T01:00:00+00:00,97152644,0.146340,114906,60000000,0.1915,1.67,50.00,6
2026-06-26T02:00:00+00:00,97154444,0.099009,114799,60000000,0.1913,2.00,50.00,6
2026-06-26T03:00:00+00:00,97156244,0.158782,60180,60000000,0.1003,1.17,50.00,6
2026-06-26T04:00:00+00:00,97158044,0.214835,109777,60000000,0.1830,2.00,50.00,6
2026-06-26T05:00:00+00:00,97159844,0.196358,122596,60000000,0.2043,2.67,50.00,6
2026-06-26T06:00:00+00:00,97161644,0.160738,72477,60000000,0.1208,1.33,50.00,6
2026-06-26T07:00:00+00:00,97163444,0.178573,72766,60000000,0.1213,1.50,50.00,4
2026-06-26T08:00:00+00:00,97165244,0.174566,197811,60000000,0.3297,2.83,50.00,6
2026-06-26T09:00:00+00:00,97167044,0.208613,158447,60000000,0.2641,1.83,50.00,6
2026-06-26T10:00:00+00:00,97168844,0.262417,54904,60000000,0.0915,1.17,50.00,6
2026-06-26T11:00:00+00:00,97170644,0.117063,70982,60000000,0.1183,1.17,50.00,6
2026-06-26T12:00:00+00:00,97172444,0.137416,134800,60000000,0.2247,1.33,50.00,6
2026-06-26T13:00:00+00:00,97174244,0.253850,73414,60000000,0.1224,1.83,50.00,6
2026-06-26T14:00:00+00:00,97176044,1.852666,230898,60000000,0.3848,2.83,50.00,6
2026-06-26T15:00:00+00:00,97177844,0.670792,603990,60000000,1.0067,5.33,50.00,3
2026-06-26T16:00:00+00:00,97179644,1.910385,246472,60000000,0.4108,2.67,50.00,6
2026-06-26T17:00:00+00:00,97181444,0.333465,390569,60000000,0.6509,2.50,50.00,6
2026-06-26T18:00:00+00:00,97183244,0.233077,301199,60000000,0.5020,2.67,50.00,6
2026-06-26T19:00:00+00:00,97185044,0.140245,224289,60000000,0.3738,2.00,50.00,6
2026-06-26T20:00:00+00:00,97186844,0.097412,46295,60000000,0.0772,1.00,50.00,6
2026-06-26T21:00:00+00:00,97188644,0.074989,49795,60000000,0.0830,1.17,50.00,6
2026-06-26T22:00:00+00:00,97190444,0.066511,49797,60000000,0.0830,1.17,50.00,6
2026-06-26T23:00:00+00:00,97192244,0.063772,119229,60000000,0.1987,1.17,50.00,6
2026-06-27T00:00:00+00:00,97194044,0.119117,120419,60000000,0.2007,1.50,50.00,6
2026-06-27T01:00:00+00:00,97195844,0.090469,74996,60000000,0.1250,1.17,50.00,6
2026-06-27T02:00:00+00:00,97197644,0.101502,53299,60000000,0.0888,1.33,50.00,6
2026-06-27T03:00:00+00:00,97199444,0.233286,46297,60000000,0.0772,1.00,50.00,6
2026-06-27T04:00:00+00:00,97201244,0.100204,90412,60000000,0.1507,1.83,50.00,6
2026-06-27T05:00:00+00:00,97203044,0.117531,108052,60000000,0.1801,2.17,50.00,6
2026-06-27T06:00:00+00:00,97204844,0.064306,86168,60000000,0.1436,1.67,50.00,6
2026-06-27T07:00:00+00:00,97206644,0.081137,153001,60000000,0.2550,2.50,50.00,6
2026-06-27T08:00:00+00:00,97208444,0.098104,101095,60000000,0.1685,2.00,50.00,6
2026-06-27T09:00:00+00:00,97210244,0.107173,86301,60000000,0.1438,1.33,50.00,6
2026-06-27T10:00:00+00:00,97212044,0.092761,109915,60000000,0.1832,2.17,50.00,6
2026-06-27T11:00:00+00:00,97213844,0.108233,186945,60000000,0.3116,2.67,50.00,6
2026-06-27T12:00:00+00:00,97215644,0.093902,46297,60000000,0.0772,1.00,50.00,6
2026-06-27T13:00:00+00:00,97217444,0.080756,68193,60000000,0.1137,1.50,50.00,4
2026-06-27T14:00:00+00:00,97219244,0.104719,101215,60000000,0.1687,1.33,50.00,6
2026-06-27T15:00:00+00:00,97221044,0.071655,49795,60000000,0.0830,1.17,50.00,6
2026-06-27T16:00:00+00:00,97222844,0.101444,53595,60000000,0.0893,1.17,50.00,6
2026-06-27T17:00:00+00:00,97224644,0.103072,61588,60000000,0.1026,1.17,50.00,6
2026-06-27T18:00:00+00:00,97226444,0.104570,170581,60000000,0.2843,1.33,50.00,6
2026-06-27T19:00:00+00:00,97228244,0.071480,137257,60000000,0.2288,1.83,50.00,6
2026-06-27T20:00:00+00:00,97230044,0.072302,98633,60000000,0.1644,1.50,50.00,6
2026-06-27T21:00:00+00:00,97231844,0.065457,46295,60000000,0.0772,1.00,50.00,6
2026-06-27T22:00:00+00:00,97233644,0.059065,65659,60000000,0.1094,1.17,50.00,6
2026-06-27T23:00:00+00:00,97235444,0.064689,120987,60000000,0.2016,1.17,50.00,6
2026-06-28T00:00:00+00:00,97237244,0.061529,61412,60000000,0.1024,1.33,50.00,6
2026-06-28T01:00:00+00:00,97239044,0.064676,148149,60000000,0.2469,1.67,50.00,6
2026-06-28T02:00:00+00:00,97240844,0.066215,70465,60000000,0.1174,1.33,50.00,6
2026-06-28T03:00:00+00:00,97242644,0.061543,134278,60000000,0.2238,2.50,50.00,6
2026-06-28T04:00:00+00:00,97244444,0.064779,99230,60000000,0.1654,2.00,50.00,6
2026-06-28T05:00:00+00:00,97246244,0.063817,110427,60000000,0.1840,2.00,50.00,6
2026-06-28T06:00:00+00:00,97248044,0.071891,72764,60000000,0.1213,1.50,50.00,6
2026-06-28T07:00:00+00:00,97249844,0.069768,46299,60000000,0.0772,1.00,50.00,6
2026-06-28T08:00:00+00:00,97251644,0.082600,58096,60000000,0.0968,1.17,50.00,6
2026-06-28T09:00:00+00:00,97253444,0.067204,87181,60000000,0.1453,1.67,50.00,6
2026-06-28T10:00:00+00:00,97255244,0.066732,71867,60000000,0.1198,1.33,50.00,6
2026-06-28T11:00:00+00:00,97257044,0.070180,61322,60000000,0.1022,1.33,50.00,6
2026-06-28T12:00:00+00:00,97258844,0.069761,72671,60000000,0.1211,1.50,50.00,6
2026-06-28T13:00:00+00:00,97260644,0.076242,65274,60000000,0.1088,1.33,50.00,6
2026-06-28T14:00:00+00:00,97262444,0.073563,113354,60000000,0.1889,1.83,50.00,6
2026-06-28T15:00:00+00:00,97264244,0.075309,102734,60000000,0.1712,2.17,50.00,6
2026-06-28T16:00:00+00:00,97266044,0.070598,63942,60000000,0.1066,1.33,50.00,6
2026-06-28T17:00:00+00:00,97267844,0.066284,54924,60000000,0.0915,1.17,50.00,6
2026-06-28T18:00:00+00:00,97269644,0.063310,61647,60000000,0.1027,1.17,50.00,6
2026-06-28T19:00:00+00:00,97271444,0.063475,54884,60000000,0.0915,1.17,50.00,6
2026-06-28T20:00:00+00:00,97273244,0.062999,53601,60000000,0.0893,1.17,50.00,6
2026-06-28T21:00:00+00:00,97275044,0.068093,99746,60000000,0.1662,1.33,50.00,6
2026-06-28T22:00:00+00:00,97276844,0.068783,46299,60000000,0.0772,1.00,50.00,6
2026-06-28T23:00:00+00:00,97278644,0.084205,108618,60000000,0.1810,1.17,50.00,6
2026-06-29T00:00:00+00:00,97280444,0.082008,115006,60000000,0.1917,1.50,50.00,6
2026-06-29T01:00:00+00:00,97282244,0.060813,108603,60000000,0.1810,1.17,50.00,6
2026-06-29T02:00:00+00:00,97284044,0.055015,55156,60000000,0.0919,1.00,50.00,6
2026-06-29T03:00:00+00:00,97285844,0.059752,61271,60000000,0.1021,1.33,50.00,6
2026-06-29T04:00:00+00:00,97287644,0.061359,46295,60000000,0.0772,1.00,50.00,6
2026-06-29T05:00:00+00:00,97289444,0.066942,49793,60000000,0.0830,1.17,50.00,6
2026-06-29T06:00:00+00:00,97291244,0.064950,129352,60000000,0.2156,2.33,50.00,6
2026-06-29T07:00:00+00:00,97293044,0.055769,87159,60000000,0.1453,1.33,50.00,6
2026-06-29T08:00:00+00:00,97294844,0.069817,84731,60000000,0.1412,1.50,50.00,6
2026-06-29T09:00:00+00:00,97296644,0.064273,141167,60000000,0.2353,2.50,50.00,6
2026-06-29T10:00:00+00:00,97298444,0.068689,122039,60000000,0.2034,2.00,50.00,6
2026-06-29T11:00:00+00:00,97300244,0.066466,248838,60000000,0.4147,1.67,50.00,6
2026-06-29T12:00:00+00:00,97302044,0.074088,144910,60000000,0.2415,1.67,50.00,6
2026-06-29T13:00:00+00:00,97303844,0.150327,209459,60000000,0.3491,2.67,50.00,6
2026-06-29T14:00:00+00:00,97305644,0.228748,96146,60000000,0.1602,2.00,50.00,6
2026-06-29T15:00:00+00:00,97307444,0.604992,101936,60000000,0.1699,1.67,50.00,6
2026-06-29T16:00:00+00:00,97309244,0.195352,97273,60000000,0.1621,1.33,50.00,6
2026-06-29T17:00:00+00:00,97311044,0.179737,370380,60000000,0.6173,3.67,50.00,6
2026-06-29T18:00:00+00:00,97312844,0.199386,48164,60000000,0.0803,1.00,50.00,6
2026-06-29T19:00:00+00:00,97314644,0.111491,117832,60000000,0.1964,1.50,50.00,6
2026-06-29T20:00:00+00:00,97316444,0.097720,46299,60000000,0.0772,1.00,50.00,6
2026-06-29T21:00:00+00:00,97318244,0.076805,139154,60000000,0.2319,1.83,50.00,6
2026-06-29T22:00:00+00:00,97320044,0.067049,119072,60000000,0.1985,1.67,50.00,6
2026-06-29T23:00:00+00:00,97321844,0.068854,130792,60000000,0.2180,1.83,50.00,6
2026-06-30T00:00:00+00:00,97323644,0.055664,60844,60000000,0.1014,1.17,50.00,6
2026-06-30T01:00:00+00:00,97325444,0.065734,55154,60000000,0.0919,1.00,50.00,6
2026-06-30T02:00:00+00:00,97327244,0.062030,46299,60000000,0.0772,1.00,50.00,6
2026-06-30T03:00:00+00:00,97329044,0.062328,66700,60000000,0.1112,1.17,50.00,6
2026-06-30T04:00:00+00:00,97330844,0.065250,77324,60000000,0.1289,1.17,50.00,6
2026-06-30T05:00:00+00:00,97332644,0.070171,208990,60000000,0.3483,2.50,50.00,6
2026-06-30T06:00:00+00:00,97334444,0.087083,116090,60000000,0.1935,2.17,50.00,6
2026-06-30T07:00:00+00:00,97336244,0.064796,108618,60000000,0.1810,1.50,50.00,6
2026-06-30T08:00:00+00:00,97338044,0.126352,75924,60000000,0.1265,1.17,50.00,6
2026-06-30T09:00:00+00:00,97339844,0.096024,114815,60000000,0.1914,2.33,50.00,6
2026-06-30T10:00:00+00:00,97341644,0.063083,144241,60000000,0.2404,2.17,50.00,6
2026-06-30T11:00:00+00:00,97343444,0.063672,56449,60000000,0.0941,1.17,50.00,6
2026-06-30T12:00:00+00:00,97345244,0.082427,105728,60000000,0.1762,2.17,50.00,6
2026-06-30T13:00:00+00:00,97347044,0.278929,269389,60000000,0.4490,2.83,50.00,6
2026-06-30T14:00:00+00:00,97348844,0.476642,221634,60000000,0.3694,2.50,50.00,6
2026-06-30T15:00:00+00:00,97350644,0.432941,96477,60000000,0.1608,1.50,50.00,6
2026-06-30T16:00:00+00:00,97352444,0.377630,109843,60000000,0.1831,1.60,50.00,5
2026-06-30T17:00:00+00:00,97354244,0.967943,231060,60000000,0.3851,2.00,50.00,6
2026-06-30T18:00:00+00:00,97356044,0.391421,140930,60000000,0.2349,1.50,50.00,6
2026-06-30T19:00:00+00:00,97357844,0.223262,71872,60000000,0.1198,1.50,50.00,6
2026-06-30T20:00:00+00:00,97359644,0.137884,81133,60000000,0.1352,1.67,50.00,6
2026-06-30T21:00:00+00:00,97361444,0.183117,46297,60000000,0.0772,1.00,50.00,6
2026-06-30T22:00:00+00:00,97363244,0.085946,90482,60000000,0.1508,1.50,50.00,6
2026-06-30T23:00:00+00:00,97365044,0.069089,241913,60000000,0.4032,1.17,50.00,6
2026-07-01T00:00:00+00:00,97366844,0.065873,46299,60000000,0.0772,1.00,50.00,6
2026-07-01T01:00:00+00:00,97368644,0.057077,77896,60000000,0.1298,1.17,50.00,6
2026-07-01T02:00:00+00:00,97370444,0.064861,60599,60000000,0.1010,1.50,50.00,6
2026-07-01T03:00:00+00:00,97372244,0.068201,118071,60000000,0.1968,1.50,50.00,6
2026-07-01T04:00:00+00:00,97374044,0.059587,63753,60000000,0.1063,1.33,50.00,6
2026-07-01T05:00:00+00:00,97375844,0.070454,124457,60000000,0.2074,2.33,50.00,6
2026-07-01T06:00:00+00:00,97377644,0.077427,132439,60000000,0.2207,2.50,50.00,6
2026-07-01T07:00:00+00:00,97379444,0.068399,93730,60000000,0.1562,1.33,50.00,6
2026-07-01T08:00:00+00:00,97381244,0.076088,174045,60000000,0.2901,2.67,50.00,6
2026-07-01T09:00:00+00:00,97383044,0.203894,90408,60000000,0.1507,1.83,50.00,6
2026-07-01T10:00:00+00:00,97384844,0.180544,46297,60000000,0.0772,1.00,50.00,6
2026-07-01T11:00:00+00:00,97386644,0.264209,49797,60000000,0.0830,1.17,50.00,6
2026-07-01T12:00:00+00:00,97388444,0.211108,142480,60000000,0.2375,1.83,50.00,6
2026-07-01T13:00:00+00:00,97390244,0.246448,333592,60000000,0.5560,2.50,50.00,6
2026-07-01T14:00:00+00:00,97392044,0.380025,208693,60000000,0.3478,2.17,50.00,6
2026-07-01T15:00:00+00:00,97393844,0.971760,142792,60000000,0.2380,1.50,50.00,6
2026-07-01T16:00:00+00:00,97395644,0.331256,62508,60000000,0.1042,1.50,50.00,4
2026-07-01T17:00:00+00:00,97397444,0.275383,49807,60000000,0.0830,1.17,50.00,6
2026-07-01T18:00:00+00:00,97399244,0.248763,65332,60000000,0.1089,1.33,50.00,6
2026-07-01T19:00:00+00:00,97401044,0.221394,75965,60000000,0.1266,1.33,50.00,6
2026-07-01T20:00:00+00:00,97402844,0.191943,78350,60000000,0.1306,1.17,50.00,6
2026-07-01T21:00:00+00:00,97404644,0.244864,352168,60000000,0.5869,2.33,50.00,6
2026-07-01T22:00:00+00:00,97406444,0.098150,83325,60000000,0.1389,1.33,50.00,6
2026-07-01T23:00:00+00:00,97408244,0.066303,46295,60000000,0.0772,1.00,50.00,6
2026-07-02T00:00:00+00:00,97410044,0.056368,2707255,60000000,4.5121,7.83,50.00,6
2026-07-02T01:00:00+00:00,97411844,0.061193,170818,60000000,0.2847,1.83,50.00,6
2026-07-02T02:00:00+00:00,97413644,0.069154,57093,60000000,0.0952,1.33,50.00,6
2026-07-02T03:00:00+00:00,97415444,0.120515,84960,60000000,0.1416,1.67,50.00,6
2026-07-02T04:00:00+00:00,97417244,0.131013,99200,60000000,0.1653,1.33,50.00,6
2026-07-02T05:00:00+00:00,97419044,0.068979,70435,60000000,0.1174,1.50,50.00,6
2026-07-02T06:00:00+00:00,97420844,0.067749,240375,60000000,0.4006,2.50,50.00,6
2026-07-02T07:00:00+00:00,97422644,0.083460,144155,60000000,0.2403,2.17,50.00,6
2026-07-02T08:00:00+00:00,97424444,0.154797,77647,60000000,0.1294,1.50,50.00,6
2026-07-02T09:00:00+00:00,97426244,0.085385,91703,60000000,0.1528,1.50,50.00,6
2026-07-02T10:00:00+00:00,97428044,0.224704,68960,60000000,0.1149,1.17,50.00,6
2026-07-02T11:00:00+00:00,97429844,0.149775,128801,60000000,0.2147,1.67,50.00,3
