block,ts_utc,txhash,side,spcxx_amount,usdt0_amount,price_usd,fee_l2_mnt,fee_l1_mnt,fee_total_mnt,gas_used,eff_gas_price_gwei,l1_gas_price_gwei
96578615,2026-06-12T18:05:42+00:00,0xf0efd078c23a6d9fefcc7589ff0deedaf8f011ec64481527097170e758a1346c,BUY,0.00578790,0.997832,172.3997,0.0113717727,0.0003248563,0.0116966291,227435,50.0001,0.195006
96579505,2026-06-12T18:35:22+00:00,0xcedda826f561b0cfe612f7e4e08be79df5619456d13aa83315a23baf7ebe1b94,SELL,0.00897297,1.527609,170.2457,0.0107466000,0.0002963289,0.0110429289,179110,60.0000,0.162054
96580280,2026-06-12T19:01:12+00:00,0x08a06d81bc75148c8f66070944cff6602516dd32f09bb48a54f9f334a34f4046,SELL,0.00982171,1.672105,170.2458,0.0138213401,0.0003238147,0.0141451548,221141,62.5001,0.203599
96580280,2026-06-12T19:01:12+00:00,0x08a06d81bc75148c8f66070944cff6602516dd32f09bb48a54f9f334a34f4046,SELL,0.04557782,7.682169,168.5506,0.0138213401,0.0003238147,0.0141451548,221141,62.5001,0.203599
96580280,2026-06-12T19:01:12+00:00,0x08a06d81bc75148c8f66070944cff6602516dd32f09bb48a54f9f334a34f4046,SELL,0.00599329,1.000000,166.8533,0.0138213401,0.0003238147,0.0141451548,221141,62.5001,0.203599
96580370,2026-06-12T19:04:12+00:00,0x2696791c5a4d2402f00487ce1f3ff8873fc2402d2f63dae38b3b3c9aa9eefecb,SELL,0.02092131,3.490791,166.8533,0.0137718400,0.0002434335,0.0140152736,220349,62.5001,0.150868
96580370,2026-06-12T19:04:12+00:00,0x2696791c5a4d2402f00487ce1f3ff8873fc2402d2f63dae38b3b3c9aa9eefecb,SELL,0.04651509,7.682170,165.1544,0.0137718400,0.0002434335,0.0140152736,220349,62.5001,0.150868
96580370,2026-06-12T19:04:12+00:00,0x2696791c5a4d2402f00487ce1f3ff8873fc2402d2f63dae38b3b3c9aa9eefecb,SELL,0.00611793,1.000000,163.4541,0.0137718400,0.0002434335,0.0140152736,220349,62.5001,0.150868
96580994,2026-06-12T19:25:00+00:00,0x21e9f52d82c6464619609e606977fec6b852ede491de2b76bd12f91f049905e1,SELL,0.01146361,1.875053,163.5657,0.0218936688,0.0002261511,0.0221198199,350298,62.5001,0.139776
96580994,2026-06-12T19:25:00+00:00,0x21e9f52d82c6464619609e606977fec6b852ede491de2b76bd12f91f049905e1,SELL,0.04745006,7.682173,161.9002,0.0218936688,0.0002261511,0.0221198199,350298,62.5001,0.139776
96580994,2026-06-12T19:25:00+00:00,0x21e9f52d82c6464619609e606977fec6b852ede491de2b76bd12f91f049905e1,SELL,0.01037515,1.662446,160.2334,0.0218936688,0.0002261511,0.0221198199,350298,62.5001,0.139776
96581241,2026-06-12T19:33:14+00:00,0x9472295c8f4fbf5e2018c41d35e3953e7a1727eca13280cd4dd491b441209913,SELL,0.00022289,0.035739,160.3428,0.0219796690,0.0002826076,0.0222622765,351674,62.5001,0.173918
96581241,2026-06-12T19:33:14+00:00,0x9472295c8f4fbf5e2018c41d35e3953e7a1727eca13280cd4dd491b441209913,SELL,0.04840378,7.682170,158.7101,0.0219796690,0.0002826076,0.0222622765,351674,62.5001,0.173918
96581241,2026-06-12T19:33:14+00:00,0x9472295c8f4fbf5e2018c41d35e3953e7a1727eca13280cd4dd491b441209913,SELL,0.01139853,1.790437,157.0762,0.0219796690,0.0002826076,0.0222622765,351674,62.5001,0.173918
96581811,2026-06-12T19:52:14+00:00,0xa92a8dcaef39bad5e23b76fccc409ed3a3b7c44f3c058302fc7160482a08fe11,BUY,0.04864786,7.741617,159.1358,0.0220944192,0.0002065756,0.0223009948,353510,62.5001,0.125014
96581811,2026-06-12T19:52:14+00:00,0xa92a8dcaef39bad5e23b76fccc409ed3a3b7c44f3c058302fc7160482a08fe11,BUY,0.04840378,7.781129,160.7546,0.0220944192,0.0002065756,0.0223009948,353510,62.5001,0.125014
96581811,2026-06-12T19:52:14+00:00,0xa92a8dcaef39bad5e23b76fccc409ed3a3b7c44f3c058302fc7160482a08fe11,BUY,0.01070767,1.739015,162.4083,0.0220944192,0.0002065756,0.0223009948,353510,62.5001,0.125014
96582184,2026-06-12T20:04:40+00:00,0x23c5d34eaf5467832ea3393aad96786fdeba41dad11f563a201763b8aad3afbf,BUY,0.00034472,0.055965,162.3501,0.0285057360,0.0003395708,0.0288453068,558936,51.0000,0.144355
96582285,2026-06-12T20:08:02+00:00,0x4c3cb9475b177c0d7582ee3a9bd4cf2340f42a4c66d40a34ca5ed774afcfc6f4,SELL,0.00034401,0.055165,160.3568,0.0156118650,0.0002700225,0.0158818875,306115,51.0000,0.153648
96584885,2026-06-12T21:34:42+00:00,0x3a91f38d1d9c9fbdc5b802f24eae2de0a3690799e996a5b1ad26167025da62d4,BUY,0.03083306,5.004983,162.3252,0.0233402342,0.0001904775,0.0235307116,373443,62.5001,0.115272
96584885,2026-06-12T21:34:42+00:00,0x3a91f38d1d9c9fbdc5b802f24eae2de0a3690799e996a5b1ad26167025da62d4,BUY,0.04745006,7.779806,163.9578,0.0233402342,0.0001904775,0.0235307116,373443,62.5001,0.115272
96584885,2026-06-12T21:34:42+00:00,0x3a91f38d1d9c9fbdc5b802f24eae2de0a3690799e996a5b1ad26167025da62d4,BUY,0.04679240,7.750018,165.6256,0.0233402342,0.0001904775,0.0235307116,373443,62.5001,0.115272
96584885,2026-06-12T21:34:42+00:00,0x3a91f38d1d9c9fbdc5b802f24eae2de0a3690799e996a5b1ad26167025da62d4,BUY,0.00668444,1.118504,167.3295,0.0233402342,0.0001904775,0.0235307116,373443,62.5001,0.115272
96584929,2026-06-12T21:36:10+00:00,0xe2288c5ee24046e39cdb8dc51abc4a6321441860d70c8d14e6d2f1f05f939074,BUY,0.00005963,0.009979,167.3451,0.0183516667,0.0002170476,0.0185687143,333666,55.0001,0.124496
96592230,2026-06-13T01:39:32+00:00,0x7abe0ac9c2b1a13b7e7533701a3035b1a6d5a9980d9c45500331386f44e607de,BUY,0.08678880,14.514888,167.2438,0.0488935800,0.0003415390,0.0492351190,814893,60.0000,0.115139
96597201,2026-06-13T04:25:14+00:00,0x96514979c81982735c9832b60be1e656a0d12e1956f76ffee3c5cbf1e9e32329,BUY,0.00596734,0.998000,167.2438,0.0205826250,0.0001961476,0.0207787726,329322,62.5000,0.107268
96597986,2026-06-13T04:51:24+00:00,0x3f0bea0d24678cfd88df7c5ae6b69bf006539be14498a08577326cb970e35455,BUY,1.01444724,169.660000,167.2438,0.0219015090,0.0002065372,0.0221080462,329346,66.5000,0.112091
96601176,2026-06-13T06:37:44+00:00,0x54af0338a8ad4d915e50c0cf2fc3e61e8c8eef6afba2841f1085e356bdef4d37,BUY,1.35846097,227.194162,167.2438,0.0206773200,0.0001936560,0.0208709760,344622,60.0000,0.105783
96601176,2026-06-13T06:37:44+00:00,0x54af0338a8ad4d915e50c0cf2fc3e61e8c8eef6afba2841f1085e356bdef4d37,BUY,1.02412160,173.000588,168.9258,0.0206773200,0.0001936560,0.0208709760,344622,60.0000,0.105783
96601703,2026-06-13T06:55:18+00:00,0x8d3cb4ca4ced061f3db16b57d6c073258705db6e47ebde30495b026f1ef69f2b,BUY,0.08862464,14.970353,168.9186,0.0232953966,0.0002909161,0.0235863127,465907,50.0001,0.117586
96607524,2026-06-13T10:09:20+00:00,0x496461da42a45cf9d40650ce0f5dc3cb5f8359f34ee6304f13368ff6919af8c0,SELL,21.03785742,3511.034864,166.8913,0.0197742270,0.0001932999,0.0199675270,316387,62.5001,0.115736
96607524,2026-06-13T10:09:20+00:00,0x496461da42a45cf9d40650ce0f5dc3cb5f8359f34ee6304f13368ff6919af8c0,SELL,12.56841591,2076.673054,165.2295,0.0197742270,0.0001932999,0.0199675270,316387,62.5001,0.115736
96618504,2026-06-13T16:15:20+00:00,0x1497da5001c628cd2cd0e60a52483c83fd9acebe508c8948db169ad7fa998533,BUY,6.83982472,1143.918206,167.2438,0.0163755328,0.0002941925,0.0166697253,327510,50.0001,0.164456
96618504,2026-06-13T16:15:20+00:00,0x1497da5001c628cd2cd0e60a52483c83fd9acebe508c8948db169ad7fa998533,BUY,0.31777725,53.680786,168.9258,0.0163755328,0.0002941925,0.0166697253,327510,50.0001,0.164456
96619686,2026-06-13T16:54:44+00:00,0xec7294b3dca5e308eb6df5529191146d6e4440c19c2c0febff332920470dc8d7,SELL,0.04423991,7.383254,166.8913,0.0171365493,0.0001694238,0.0173059730,311573,55.0001,0.096137
96636100,2026-06-14T02:01:52+00:00,0x74c4fb790860dda26676e96405f07d5c9d7acd90044416d702a42c8b1eb16310,BUY,5.90825415,998.000000,168.9162,0.0199256400,0.0002326567,0.0201582967,332094,60.0000,0.131810
96638160,2026-06-14T03:10:32+00:00,0x2e12c866331284d0d20a2bf824aa76f59e1d736a101c37855fe58c22c100885a,SELL,6.01397549,1003.680042,166.8913,0.0326573940,0.0004477920,0.0331051860,494809,66.0000,0.125108
96638345,2026-06-14T03:16:42+00:00,0xc43f6e115b80744161784677b383482cf58dac4b0e837ca510603ee567389d01,SELL,12.03695448,2008.862688,166.8913,0.0272528400,0.0005160523,0.0277688923,454214,60.0000,0.145938
96638520,2026-06-14T03:22:32+00:00,0x6e61fc64db765763eb758b88765e539ddde4d109a0f51b46bae94bcfbb17b7f3,SELL,30.08411170,5020.775781,166.8913,0.0272571600,0.0004389583,0.0276961183,454286,60.0000,0.122712
96639417,2026-06-14T03:52:26+00:00,0xa9259d6ee722e7bbe25dce970a3ef44ae7d9856fd8837ab2020ac96f7af4064f,SELL,12.03828475,2009.084700,166.8913,0.0225763800,0.0003921702,0.0229685502,376273,60.0000,0.129178
96640904,2026-06-14T04:42:00+00:00,0x62f6db756f5de912cdbd0695dc39dd64e0be1582c7e7591804019118c64c5b4e,SELL,5.82570729,972.259722,166.8913,0.0194722320,0.0003613950,0.0198336270,374466,52.0000,0.119309
96640904,2026-06-14T04:42:00+00:00,0x62f6db756f5de912cdbd0695dc39dd64e0be1582c7e7591804019118c64c5b4e,SELL,0.20076485,33.172275,165.2295,0.0194722320,0.0003613950,0.0198336270,374466,52.0000,0.119309
96640977,2026-06-14T04:44:26+00:00,0x78447691cd90acf0d48e91831bad6f7cf7250eb3233604ead86d95a6dd359539,BUY,0.01044205,1.746467,167.2533,0.0158363320,0.0002099193,0.0160462513,316600,50.0200,0.118062
96650742,2026-06-14T10:09:56+00:00,0x7ba1ab260604e5be6a8440379c6dcb8fe250d3d61169d965e46345678e915e77,BUY,2.98366834,499.000000,167.2438,0.0164667329,0.0002571753,0.0167239082,329334,50.0001,0.148770
96665698,2026-06-14T18:28:28+00:00,0xb11406f3628a7a8b00131b4d1d99aa3e1b196cdddcbd2b641991f6e889e946f3,BUY,0.00736369,1.231532,167.2438,0.0158511317,0.0001874349,0.0160385666,317022,50.0001,0.106564
96666280,2026-06-14T18:47:52+00:00,0x8d770cea175bb64e2d1847e0a1d72bcf87ba9e4c393b85906dfbd8d027d608e5,BUY,0.02649497,4.431120,167.2438,0.0158622317,0.0001388163,0.0160010480,317244,50.0001,0.078923
96673062,2026-06-14T22:33:56+00:00,0xbfa7080230080c65b9646c5e51216adabca42974765bde21f8d431c586733f24,BUY,0.02770708,4.633838,167.2438,0.0158511352,0.0000983461,0.0159494813,317022,50.0001,0.055397
96676570,2026-06-15T00:30:52+00:00,0xb27d529c7aa8a509865f1190f13d1349772cc0e37f1eb26f3fa690b083b150c7,BUY,0.05303769,8.870224,167.2438,0.0159911355,0.0000881371,0.0160792726,319822,50.0001,0.049712
96678597,2026-06-15T01:38:26+00:00,0x169b75e3f213a4f8845d08f13bdd214137fb674b35610ef1e15ff8cd6d3c7b7c,BUY,0.01068153,1.786420,167.2438,0.0158511317,0.0000796523,0.0159307840,317022,50.0001,0.044971
96685277,2026-06-15T05:21:06+00:00,0x39b2a62f1f522667ae1c6e21163493619dced9026ef4fd3176edc6d798e75dee,BUY,15.87409872,2654.844424,167.2438,0.0297222750,0.0001536423,0.0298759173,396297,75.0000,0.050412
96685277,2026-06-15T05:21:06+00:00,0x39b2a62f1f522667ae1c6e21163493619dced9026ef4fd3176edc6d798e75dee,BUY,2.09344306,353.636596,168.9258,0.0297222750,0.0001536423,0.0298759173,396297,75.0000,0.050412
96687110,2026-06-15T06:22:12+00:00,0x45d63a2c80993e652f3b3c114cb4a7ebcc34d6080091819fb00f084322ba1521,BUY,5.90825415,998.000000,168.9162,0.0289308750,0.0001743210,0.0291051960,385745,75.0000,0.057210
96688669,2026-06-15T07:14:10+00:00,0x1037377b20859faa3cd969c07a732a24af81b91a35bca7162380ecc14686b6f3,BUY,3.13823805,530.099333,168.9162,0.0260173125,0.0001587430,0.0261760555,416277,62.5000,0.052167
96688669,2026-06-15T07:14:10+00:00,0x1037377b20859faa3cd969c07a732a24af81b91a35bca7162380ecc14686b6f3,BUY,2.01940795,344.541458,170.6151,0.0260173125,0.0001587430,0.0261760555,416277,62.5000,0.052167
96688669,2026-06-15T07:14:10+00:00,0x1037377b20859faa3cd969c07a732a24af81b91a35bca7162380ecc14686b6f3,BUY,0.71565433,123.343466,172.3506,0.0260173125,0.0001587430,0.0261760555,416277,62.5000,0.052167
96693221,2026-06-15T09:45:54+00:00,0xab0de99553e19ff5d053843d6aa93d82a920cf9819f1f46914acfa19bb8c0e78,BUY,0.29933483,51.578818,172.3114,0.0167611335,0.0000711278,0.0168322613,335222,50.0001,0.044862
96693221,2026-06-15T09:45:54+00:00,0xab0de99553e19ff5d053843d6aa93d82a920cf9819f1f46914acfa19bb8c0e78,BUY,0.00000001,0.000002,345.9765,0.0167611335,0.0000711278,0.0168322613,335222,50.0001,0.044862
96695649,2026-06-15T11:06:50+00:00,0xf93331c26aff431b0bac6cdfe193963577b7f3268dab963ed53207a92f38204a,SELL,0.00000001,0.000002,171.9482,0.0239932181,0.0003915332,0.0243847513,374426,64.0800,0.129654
96695649,2026-06-15T11:06:50+00:00,0xf93331c26aff431b0bac6cdfe193963577b7f3268dab963ed53207a92f38204a,SELL,11.11932193,1892.910192,170.2361,0.0239932181,0.0003915332,0.0243847513,374426,64.0800,0.129654
96695978,2026-06-15T11:17:48+00:00,0xbcdc017f19db7e9d15dd1e73294578b714a457520ecd0a1439897d885f4ab530,SELL,6.64664878,1131.547902,170.2434,0.0158711180,0.0002231758,0.0160942938,316555,50.1370,0.126523
96697833,2026-06-15T12:19:38+00:00,0x75acd3a22354baf78c1f3e8aec3cffa7b4e53887c88ab5825231db8c62a0e0a3,BUY,0.05216821,8.989181,172.3115,0.0158471317,0.0002686577,0.0161157893,316942,50.0001,0.151832
96700582,2026-06-15T13:51:16+00:00,0x897323c1b7ca420015934bde4e412e1679099ace03f7c5de18652c1d3db0e0ac,BUY,5.79183820,998.000000,172.3114,0.0574413747,0.0046222231,0.0620635978,385927,148.8400,1.476201
96703223,2026-06-15T15:19:18+00:00,0x6f8e32e25ccc0d7a08b9f3e651a5970b0f7d24877ceb12b536ab65bec51316e9,BUY,0.57918382,99.800000,172.3114,0.0195096250,0.0020271844,0.0215368094,312154,62.5000,1.093796
96704256,2026-06-15T15:53:44+00:00,0xbdbe700c0519bd7e3ee8d25940d5d192bb8c161ab1323a303e2d5984e9ed82e0,BUY,0.50526283,87.062569,172.3114,0.0289367962,0.0027523171,0.0316891133,416237,69.5200,0.853586
96704256,2026-06-15T15:53:44+00:00,0xbdbe700c0519bd7e3ee8d25940d5d192bb8c161ab1323a303e2d5984e9ed82e0,BUY,7.05865434,1228.519590,174.0444,0.0289367962,0.0027523171,0.0316891133,416237,69.5200,0.853586
96704256,2026-06-15T15:53:44+00:00,0xbdbe700c0519bd7e3ee8d25940d5d192bb8c161ab1323a303e2d5984e9ed82e0,BUY,1.03165981,181.381129,175.8149,0.0289367962,0.0027523171,0.0316891133,416237,69.5200,0.853586
96706444,2026-06-15T17:06:40+00:00,0x4955bc408581c037ea8dd509297171847fa2ee3b52777a9fe8eaebf2072da8ed,BUY,0.44696291,78.564865,175.7749,0.0312147750,0.0015991128,0.0328138878,416197,75.0000,0.503538
96706444,2026-06-15T17:06:40+00:00,0x4955bc408581c037ea8dd509297171847fa2ee3b52777a9fe8eaebf2072da8ed,BUY,1.96033468,348.043192,177.5427,0.0312147750,0.0015991128,0.0328138878,416197,75.0000,0.503538
96706444,2026-06-15T17:06:40+00:00,0x4955bc408581c037ea8dd509297171847fa2ee3b52777a9fe8eaebf2072da8ed,BUY,0.40357108,72.379966,179.3487,0.0312147750,0.0015991128,0.0328138878,416197,75.0000,0.503538
96706572,2026-06-15T17:10:56+00:00,0xcceb79b2ce813ae0be8c10c3373df5f9b136fa0cb7cba21391a2b1cae3f41a85,BUY,0.23467434,42.088549,179.3487,0.0208050416,0.0007332499,0.0215382915,332880,62.5001,0.442729
96706572,2026-06-15T17:10:56+00:00,0xcceb79b2ce813ae0be8c10c3373df5f9b136fa0cb7cba21391a2b1cae3f41a85,BUY,0.38590643,69.923825,181.1937,0.0208050416,0.0007332499,0.0215382915,332880,62.5001,0.442729
96706572,2026-06-15T17:10:56+00:00,0xcceb79b2ce813ae0be8c10c3373df5f9b136fa0cb7cba21391a2b1cae3f41a85,BUY,0.00945337,1.730709,183.0786,0.0208050416,0.0007332499,0.0215382915,332880,62.5001,0.442729
96707775,2026-06-15T17:51:02+00:00,0x9f7fde120c9a89094250b0b892d4ef705715209a0bdc76fe563693ef05c194a6,BUY,0.00000084,0.000154,184.2966,0.0349503000,0.0005800375,0.0355303375,466004,75.0000,0.261902
96707775,2026-06-15T17:51:02+00:00,0x9f7fde120c9a89094250b0b892d4ef705715209a0bdc76fe563693ef05c194a6,BUY,0.27007485,49.898380,184.7576,0.0349503000,0.0005800375,0.0355303375,466004,75.0000,0.261902
96707841,2026-06-15T17:53:14+00:00,0x901cf4fe4ceb0db18df44f11b598d26e0162973f4def25fc4f39a67ccdae7fec,BUY,0.05803857,10.723069,184.7576,0.0279424200,0.0005539320,0.0284963520,465707,60.0000,0.250115
96707841,2026-06-15T17:53:14+00:00,0x901cf4fe4ceb0db18df44f11b598d26e0162973f4def25fc4f39a67ccdae7fec,BUY,0.20986760,39.170170,186.6423,0.0279424200,0.0005539320,0.0284963520,465707,60.0000,0.250115
96707862,2026-06-15T17:53:56+00:00,0xd9a1a927f3aef79e921a029284fd00d2e6dd75531abffa41e7cd9bce75ff243e,BUY,0.26730403,49.890238,186.6423,0.0223263000,0.0005170479,0.0228433479,372105,60.0000,0.233163
96707922,2026-06-15T17:55:56+00:00,0x4504c674a1b41f0ea156252172a6e77ed36ea54640a2ab813d913e1bd3e6499f,BUY,0.26730416,49.890263,186.6423,0.0288072680,0.0006511260,0.0294583940,433192,66.5000,0.293626
96707950,2026-06-15T17:56:52+00:00,0x5efdfa5ef2669987d14534104478d52e37f8901a28108570f2c7f7bdf2d2f554,BUY,0.26729710,49.888944,186.6423,0.0401002980,0.0008649980,0.0409652960,603012,66.5000,0.315309
96707970,2026-06-15T17:57:32+00:00,0xaf51c29419ea8dbd902042c59c08fbd6c3e88861cc56263e2b67792b35da45c1,BUY,0.14177428,26.461079,186.6423,0.0395349600,0.0008384678,0.0403734278,658916,60.0000,0.305638
96707970,2026-06-15T17:57:32+00:00,0xaf51c29419ea8dbd902042c59c08fbd6c3e88861cc56263e2b67792b35da45c1,BUY,0.12420990,23.421974,188.5677,0.0395349600,0.0008384678,0.0403734278,658916,60.0000,0.305638
96708144,2026-06-15T18:03:20+00:00,0xf624816473cf953814d71b172e84b4e63f91f74d2bc4f091ffda30669a3a0e20,BUY,0.52904210,99.760240,188.5677,0.0324942500,0.0009192306,0.0334134806,519908,62.5000,0.369422
96708289,2026-06-15T18:08:10+00:00,0x95023ba97d36cea4052e90ca1528a1050524b5b35c780b037f776775b1c0f136,BUY,0.96814704,182.561238,188.5677,0.0377420400,0.0010162618,0.0387583018,629034,60.0000,0.373825
96708320,2026-06-15T18:09:12+00:00,0xa2493ab9ce7e0c0074fc4718dc2d853386026187497691172d51476a3e2059ce,BUY,0.09861096,18.594840,188.5677,0.0295475942,0.0008265081,0.0303741023,447623,66.0100,0.373190
96708320,2026-06-15T18:09:12+00:00,0xa2493ab9ce7e0c0074fc4718dc2d853386026187497691172d51476a3e2059ce,BUY,0.05947283,11.331635,190.5346,0.0295475942,0.0008265081,0.0303741023,447623,66.0100,0.373190
96708353,2026-06-15T18:10:18+00:00,0x31c67a366d98d39eabb642d039a91d0a395af041d8518a6625b9c683beb69896,SELL,0.06031822,11.331635,187.8642,0.0448742400,0.0011917077,0.0460659477,373952,120.0000,0.378148
96708353,2026-06-15T18:10:18+00:00,0x31c67a366d98d39eabb642d039a91d0a395af041d8518a6625b9c683beb69896,SELL,10.78650183,2007.190548,186.0835,0.0448742400,0.0011917077,0.0460659477,373952,120.0000,0.378148
96708496,2026-06-15T18:15:04+00:00,0xc82ca02dc7e6886a90a5cfbb7a21c18ef03acca81e42175875d82a473cd74173,BUY,0.01587279,2.993095,188.5677,0.0353607639,0.0011154296,0.0364761935,500223,70.6900,0.443200
96708516,2026-06-15T18:15:44+00:00,0xfe7413f2e76b878f0f04bcbbe67c6762e5f03bbdb63675a0599a2bdbb3224e03,BUY,0.00302640,0.570681,188.5679,0.0268426200,0.0011550893,0.0279977093,447377,60.0000,0.524082
96708516,2026-06-15T18:15:44+00:00,0xfe7413f2e76b878f0f04bcbbe67c6762e5f03bbdb63675a0599a2bdbb3224e03,BUY,0.01271047,2.421785,190.5347,0.0268426200,0.0011550893,0.0279977093,447377,60.0000,0.524082
96709370,2026-06-15T18:44:12+00:00,0xd7c9adeef63c08bdfdeddbfb0008faa325f477d9ffe07c4a0da3bdccb76e8081,SELL,0.00998000,1.876811,188.0572,0.0164370222,0.0003997418,0.0168367640,328609,50.0200,0.217911
96710109,2026-06-15T19:08:50+00:00,0x73d7b22c5ccc5361e197074079a56e6c6fbbfe2a48b62a6a26f8fd4346b3ab18,SELL,0.01287096,2.420477,188.0573,0.0209223600,0.0003238068,0.0212461668,348706,60.0000,0.173602
96710109,2026-06-15T19:08:50+00:00,0x73d7b22c5ccc5361e197074079a56e6c6fbbfe2a48b62a6a26f8fd4346b3ab18,SELL,0.98511053,183.412543,186.1847,0.0209223600,0.0003238068,0.0212461668,348706,60.0000,0.173602
96710151,2026-06-15T19:10:14+00:00,0x0ecff6bf9a08b0a44944d9ec1f80ad5da3aed67378640bc3150c6056cc7acb01,SELL,0.07172351,13.353822,186.1847,0.0369838500,0.0004183662,0.0374022162,493118,75.0000,0.168882
96710151,2026-06-15T19:10:14+00:00,0x0ecff6bf9a08b0a44944d9ec1f80ad5da3aed67378640bc3150c6056cc7acb01,SELL,0.62682804,115.530609,184.3099,0.0369838500,0.0004183662,0.0374022162,493118,75.0000,0.168882
96711593,2026-06-15T19:58:18+00:00,0xf675880732f4bddd3899ef1400b9f41794c0808975eb1e70ad98b0ad4ee08065,BUY,0.00016372,0.030549,186.5928,0.0208459167,0.0003936173,0.0212395340,333534,62.5001,0.237738
96711593,2026-06-15T19:58:18+00:00,0xf675880732f4bddd3899ef1400b9f41794c0808975eb1e70ad98b0ad4ee08065,BUY,0.41590462,78.383546,188.4652,0.0208459167,0.0003936173,0.0212395340,333534,62.5001,0.237738
96711593,2026-06-15T19:58:18+00:00,0xf675880732f4bddd3899ef1400b9f41794c0808975eb1e70ad98b0ad4ee08065,BUY,0.01012867,1.928320,190.3824,0.0208459167,0.0003936173,0.0212395340,333534,62.5001,0.237738
96712413,2026-06-15T20:25:38+00:00,0xd7b39f27cd7dfb78c3b4b0c7647438c2b9d8dd11e5471956c7a8f86facf86aaa,BUY,3.18714216,606.646175,190.3417,0.0208031666,0.0002423918,0.0210455584,332850,62.5001,0.146634
96712413,2026-06-15T20:25:38+00:00,0xd7b39f27cd7dfb78c3b4b0c7647438c2b9d8dd11e5471956c7a8f86facf86aaa,BUY,5.15723427,991.565979,192.2670,0.0208031666,0.0002423918,0.0210455584,332850,62.5001,0.146634
96712413,2026-06-15T20:25:38+00:00,0xd7b39f27cd7dfb78c3b4b0c7647438c2b9d8dd11e5471956c7a8f86facf86aaa,BUY,0.00710213,1.379474,194.2339,0.0208031666,0.0002423918,0.0210455584,332850,62.5001,0.146634
96716161,2026-06-15T22:30:34+00:00,0x2a62c7c3a4fe3115eb9568613c5b6f391e62edb9a5968d07a5290f864e846354,BUY,0.00051400,0.099800,194.1648,0.0183701467,0.0002826090,0.0186527557,334002,55.0001,0.160172
96716874,2026-06-15T22:54:20+00:00,0xa50834bf5f12036cdc7e77eb942bb5e32379ec2e7654638f483eb993f9caa27a,BUY,0.05139962,9.980000,194.1648,0.0156051312,0.0001169005,0.0157220317,312102,50.0001,0.065050
96716905,2026-06-15T22:55:22+00:00,0x0b57b06ca1e0b6f243e7be7937fecf876f7bb555c021145ad1cb700d961930d5,BUY,0.01030216,2.000320,194.1650,0.0223752965,0.0001259787,0.0225012753,447327,50.0200,0.059073
96716905,2026-06-15T22:55:22+00:00,0x0b57b06ca1e0b6f243e7be7937fecf876f7bb555c021145ad1cb700d961930d5,BUY,0.04067729,7.977535,196.1176,0.0223752965,0.0001259787,0.0225012753,447327,50.0200,0.059073
96717827,2026-06-15T23:26:06+00:00,0x3837eb0e914a5d82b69697dfcef6bc01873bfa30d4870cc55c4f3c5442251ec6,BUY,0.07485734,14.680063,196.1072,0.0167793090,0.0001052388,0.0168845478,335452,50.0200,0.064232
96717827,2026-06-15T23:26:06+00:00,0x3837eb0e914a5d82b69697dfcef6bc01873bfa30d4870cc55c4f3c5442251ec6,BUY,0.00000001,0.000002,393.7535,0.0167793090,0.0001052388,0.0168845478,335452,50.0200,0.064232
96718221,2026-06-15T23:39:14+00:00,0xeffbbd3f0da5fb1e39e58fb31e61f3557dd0f1cd4a326f0debd4c4df14b785f3,BUY,2.51926797,498.996338,198.0720,0.0156188469,0.0001012089,0.0157200557,312376,50.0001,0.056356
96718350,2026-06-15T23:43:32+00:00,0xb349b28fc9bddb2f8bdb17a4e5ee7c723d6dc3aeda7b82cb29682d3f86332b4f,BUY,0.35734923,70.780861,198.0720,0.0208031666,0.0001005451,0.0209037117,332850,62.5001,0.061511
96718350,2026-06-15T23:43:32+00:00,0xb349b28fc9bddb2f8bdb17a4e5ee7c723d6dc3aeda7b82cb29682d3f86332b4f,BUY,0.59521667,119.089915,200.0783,0.0208031666,0.0001005451,0.0209037117,332850,62.5001,0.061511
96718350,2026-06-15T23:43:32+00:00,0xb349b28fc9bddb2f8bdb17a4e5ee7c723d6dc3aeda7b82cb29682d3f86332b4f,BUY,0.00932110,1.884054,202.1279,0.0208031666,0.0001005451,0.0209037117,332850,62.5001,0.061511
96718371,2026-06-15T23:44:14+00:00,0xdc46a1d3f22fb5b29989de4d83b9bb7dfd4179e3651f76b055b5d334207139d6,BUY,0.02962098,5.987225,202.1279,0.0189882000,0.0001141415,0.0191023415,316470,60.0000,0.062340
96718546,2026-06-15T23:50:04+00:00,0x3d41ce889188f708db2a84668c984cb3ff2e6966ef3b872e866e0de9c6217ae3,BUY,1.70674801,344.981330,202.1279,0.0305644375,0.0001751950,0.0307396325,489031,62.5000,0.070841
96719605,2026-06-16T00:25:22+00:00,0xdd98276a17929497559026e6f59ed288c6b724de53a0a8b4cab00cc018b8465a,BUY,1.36704898,276.212185,202.0500,0.0219096688,0.0001025310,0.0220121998,350554,62.5001,0.062524
96719605,2026-06-16T00:25:22+00:00,0xdd98276a17929497559026e6f59ed288c6b724de53a0a8b4cab00cc018b8465a,BUY,0.46497969,94.897549,204.0897,0.0219096688,0.0001025310,0.0220121998,350554,62.5001,0.062524
96719605,2026-06-16T00:25:22+00:00,0xdd98276a17929497559026e6f59ed288c6b724de53a0a8b4cab00cc018b8465a,BUY,0.00751327,1.549038,206.1735,0.0219096688,0.0001025310,0.0220121998,350554,62.5001,0.062524
96719679,2026-06-16T00:27:50+00:00,0x9ac0a56147a3312bd549c05436353bf9a2e5bafce49233fad57b1071a17a3422,BUY,0.46377028,95.617096,206.1734,0.0217081684,0.0001065589,0.0218147273,347330,62.5001,0.065543
96719679,2026-06-16T00:27:50+00:00,0x9ac0a56147a3312bd549c05436353bf9a2e5bafce49233fad57b1071a17a3422,BUY,0.46343206,96.533880,208.3021,0.0217081684,0.0001065589,0.0218147273,347330,62.5001,0.065543
96719679,2026-06-16T00:27:50+00:00,0x9ac0a56147a3312bd549c05436353bf9a2e5bafce49233fad57b1071a17a3422,BUY,0.02223775,4.680530,210.4768,0.0217081684,0.0001065589,0.0218147273,347330,62.5001,0.065543
96719679,2026-06-16T00:27:50+00:00,0x9ac0a56147a3312bd549c05436353bf9a2e5bafce49233fad57b1071a17a3422,BUY,0.00324764,0.690769,212.6988,0.0217081684,0.0001065589,0.0218147273,347330,62.5001,0.065543
96720148,2026-06-16T00:43:28+00:00,0xc1b333ff8f8f2d9d6ca8f2a64748f6925324fc25aca0b3e022b24d823e5c3da2,SELL,0.00000166,0.000349,209.7249,0.0593374265,0.0001654776,0.0595029041,1075203,55.1872,0.062215
96720148,2026-06-16T00:43:28+00:00,0xc1b333ff8f8f2d9d6ca8f2a64748f6925324fc25aca0b3e022b24d823e5c3da2,SELL,0.00271200,0.562939,207.5737,0.0593374265,0.0001654776,0.0595029041,1075203,55.1872,0.062215
96720148,2026-06-16T00:43:28+00:00,0xc1b333ff8f8f2d9d6ca8f2a64748f6925324fc25aca0b3e022b24d823e5c3da2,SELL,0.00047615,0.098836,207.5720,0.0593374265,0.0001654776,0.0595029041,1075203,55.1872,0.062215
96726754,2026-06-16T04:23:40+00:00,0x2a42af9d35c0441d2e2a78f524752a088e39a13405a62cbc39f51aa0671ed99f,BUY,0.00028445,0.059806,210.2543,0.0281918064,0.0002254281,0.0284172344,563835,50.0001,0.093998
96738076,2026-06-16T10:41:04+00:00,0x116960b36dc970a9c4246286dafc0bd19c3385657c0353bf429008c95e7564bf,BUY,0.00000000,0.000002,4848.7684,0.0303153180,0.0002091675,0.0305244855,594418,51.0000,0.086769
96738076,2026-06-16T10:41:04+00:00,0x116960b36dc970a9c4246286dafc0bd19c3385657c0353bf429008c95e7564bf,BUY,0.00000287,0.000609,212.4741,0.0303153180,0.0002091675,0.0305244855,594418,51.0000,0.086769
96739909,2026-06-16T11:42:10+00:00,0xdeb2e424e447fdd4da11b1b7ea657f4255549e0f503baad0ed4bc9ffc14b9972,SELL,0.00000388,0.000814,209.8095,0.0224679600,0.0002927708,0.0227607308,374466,60.0000,0.093197
96739909,2026-06-16T11:42:10+00:00,0xdeb2e424e447fdd4da11b1b7ea657f4255549e0f503baad0ed4bc9ffc14b9972,SELL,9.72962813,2021.042391,207.7204,0.0224679600,0.0002927708,0.0227607308,374466,60.0000,0.093197
96740260,2026-06-16T11:53:52+00:00,0xf4337012e6cdb7aa3a4fdda92bbf35e14c444f7a97ea70713748bce0c53342c7,SELL,0.31989508,66.451570,207.7293,0.0201566903,0.0002563765,0.0204130668,403133,50.0001,0.139082
96740260,2026-06-16T11:53:52+00:00,0xf4337012e6cdb7aa3a4fdda92bbf35e14c444f7a97ea70713748bce0c53342c7,SELL,0.49288504,101.361399,205.6492,0.0201566903,0.0002563765,0.0204130668,403133,50.0001,0.139082
96740260,2026-06-16T11:53:52+00:00,0xf4337012e6cdb7aa3a4fdda92bbf35e14c444f7a97ea70713748bce0c53342c7,SELL,0.47609008,96.916110,203.5668,0.0201566903,0.0002563765,0.0204130668,403133,50.0001,0.139082
96740260,2026-06-16T11:53:52+00:00,0xf4337012e6cdb7aa3a4fdda92bbf35e14c444f7a97ea70713748bce0c53342c7,SELL,0.47291074,95.283228,201.4825,0.0201566903,0.0002563765,0.0204130668,403133,50.0001,0.139082
96740260,2026-06-16T11:53:52+00:00,0xf4337012e6cdb7aa3a4fdda92bbf35e14c444f7a97ea70713748bce0c53342c7,SELL,0.53259674,106.198092,199.3968,0.0201566903,0.0002563765,0.0204130668,403133,50.0001,0.139082
96740260,2026-06-16T11:53:52+00:00,0xf4337012e6cdb7aa3a4fdda92bbf35e14c444f7a97ea70713748bce0c53342c7,SELL,0.53093841,104.759553,197.3102,0.0201566903,0.0002563765,0.0204130668,403133,50.0001,0.139082
96740260,2026-06-16T11:53:52+00:00,0xf4337012e6cdb7aa3a4fdda92bbf35e14c444f7a97ea70713748bce0c53342c7,SELL,0.16785883,32.769905,195.2230,0.0201566903,0.0002563765,0.0204130668,403133,50.0001,0.139082
96740749,2026-06-16T12:10:10+00:00,0x45756cb0543d434dd8a81d5a10a23a852638f669129daf6c879dceba06d8e3b9,BUY,0.17112680,33.915027,198.1865,0.0208031666,0.0001962015,0.0209993681,332850,62.5001,0.119241
96740749,2026-06-16T12:10:10+00:00,0x45756cb0543d434dd8a81d5a10a23a852638f669129daf6c879dceba06d8e3b9,BUY,0.96263615,192.771566,200.2538,0.0208031666,0.0001962015,0.0209993681,332850,62.5001,0.119241
96740749,2026-06-16T12:10:10+00:00,0x45756cb0543d434dd8a81d5a10a23a852638f669129daf6c879dceba06d8e3b9,BUY,0.00866450,1.753400,202.3659,0.0208031666,0.0001962015,0.0209993681,332850,62.5001,0.119241
96743186,2026-06-16T13:31:24+00:00,0xb0315f06d704694e158d10000921cbbde313905b7e22f7f3efab3d613ee988cb,BUY,0.27251690,55.061691,202.0487,0.0274373049,0.0003781253,0.0278154302,438996,62.5001,0.230288
96743186,2026-06-16T13:31:24+00:00,0xb0315f06d704694e158d10000921cbbde313905b7e22f7f3efab3d613ee988cb,BUY,0.47093803,96.109412,204.0808,0.0274373049,0.0003781253,0.0278154302,438996,62.5001,0.230288
96743186,2026-06-16T13:31:24+00:00,0xb0315f06d704694e158d10000921cbbde313905b7e22f7f3efab3d613ee988cb,BUY,0.47030037,96.955599,206.1568,0.0274373049,0.0003781253,0.0278154302,438996,62.5001,0.230288
96743186,2026-06-16T13:31:24+00:00,0xb0315f06d704694e158d10000921cbbde313905b7e22f7f3efab3d613ee988cb,BUY,0.46967457,97.822655,208.2775,0.0274373049,0.0003781253,0.0278154302,438996,62.5001,0.230288
96743186,2026-06-16T13:31:24+00:00,0xb0315f06d704694e158d10000921cbbde313905b7e22f7f3efab3d613ee988cb,BUY,0.00485917,1.022586,210.4444,0.0274373049,0.0003781253,0.0278154302,438996,62.5001,0.230288
96743186,2026-06-16T13:31:24+00:00,0xb0315f06d704694e158d10000921cbbde313905b7e22f7f3efab3d613ee988cb,BUY,0.00412560,0.877342,212.6579,0.0274373049,0.0003781253,0.0278154302,438996,62.5001,0.230288
96743186,2026-06-16T13:31:24+00:00,0xb0315f06d704694e158d10000921cbbde313905b7e22f7f3efab3d613ee988cb,BUY,0.00341569,0.734095,214.9187,0.0274373049,0.0003781253,0.0278154302,438996,62.5001,0.230288
96743186,2026-06-16T13:31:24+00:00,0xb0315f06d704694e158d10000921cbbde313905b7e22f7f3efab3d613ee988cb,BUY,0.00275762,0.599036,217.2296,0.0274373049,0.0003781253,0.0278154302,438996,62.5001,0.230288
96743186,2026-06-16T13:31:24+00:00,0xb0315f06d704694e158d10000921cbbde313905b7e22f7f3efab3d613ee988cb,BUY,0.00217098,0.476724,219.5897,0.0274373049,0.0003781253,0.0278154302,438996,62.5001,0.230288
96743186,2026-06-16T13:31:24+00:00,0xb0315f06d704694e158d10000921cbbde313905b7e22f7f3efab3d613ee988cb,BUY,0.00166664,0.369998,222.0024,0.0274373049,0.0003781253,0.0278154302,438996,62.5001,0.230288
96744798,2026-06-16T14:25:08+00:00,0xbcc86a34031c0f12e0273299d5a30ce9bbbb94bd3f1074af57839dd0479b9d97,SELL,2.55754704,558.385790,218.3286,0.0303759000,0.0034870191,0.0338629191,405012,75.0000,1.116812
96744798,2026-06-16T14:25:08+00:00,0xbcc86a34031c0f12e0273299d5a30ce9bbbb94bd3f1074af57839dd0479b9d97,SELL,0.39819005,86.070649,216.1547,0.0303759000,0.0034870191,0.0338629191,405012,75.0000,1.116812
96744798,2026-06-16T14:25:08+00:00,0xbcc86a34031c0f12e0273299d5a30ce9bbbb94bd3f1074af57839dd0479b9d97,SELL,0.87913317,188.115216,213.9781,0.0303759000,0.0034870191,0.0338629191,405012,75.0000,1.116812
96744798,2026-06-16T14:25:08+00:00,0xbcc86a34031c0f12e0273299d5a30ce9bbbb94bd3f1074af57839dd0479b9d97,SELL,0.83068365,175.938180,211.7993,0.0303759000,0.0034870191,0.0338629191,405012,75.0000,1.116812
96745451,2026-06-16T14:46:54+00:00,0xb69d982187d46dc0f5be614609fb2d89b7f325d0652691047167f0c3b610c08e,SELL,0.05810124,12.312096,211.9076,0.0285362071,0.0011835018,0.0297197089,570723,50.0001,0.462707
96745451,2026-06-16T14:46:54+00:00,0xb69d982187d46dc0f5be614609fb2d89b7f325d0652691047167f0c3b610c08e,SELL,0.89797746,188.393532,209.7976,0.0285362071,0.0011835018,0.0297197089,570723,50.0001,0.462707
96745451,2026-06-16T14:46:54+00:00,0xb69d982187d46dc0f5be614609fb2d89b7f325d0652691047167f0c3b610c08e,SELL,0.90781120,188.538772,207.6850,0.0285362071,0.0011835018,0.0297197089,570723,50.0001,0.462707
96745451,2026-06-16T14:46:54+00:00,0xb69d982187d46dc0f5be614609fb2d89b7f325d0652691047167f0c3b610c08e,SELL,0.68664954,141.154732,205.5703,0.0285362071,0.0011835018,0.0297197089,570723,50.0001,0.462707
96745599,2026-06-16T14:51:50+00:00,0x853f4b49d6fb8bade09ba3090468249fbe4f91922d0dc717578ba3290042adb3,BUY,0.03486840,7.262305,208.2775,0.0208044166,0.0005522027,0.0213566193,332870,62.5001,0.333520
96745599,2026-06-16T14:51:50+00:00,0x853f4b49d6fb8bade09ba3090468249fbe4f91922d0dc717578ba3290042adb3,BUY,1.30379577,274.188910,210.3005,0.0208044166,0.0005522027,0.0213566193,332870,62.5001,0.333520
96745599,2026-06-16T14:51:50+00:00,0x853f4b49d6fb8bade09ba3090468249fbe4f91922d0dc717578ba3290042adb3,BUY,0.00840806,1.785598,212.3673,0.0208044166,0.0005522027,0.0213566193,332870,62.5001,0.333520
96747681,2026-06-16T16:01:14+00:00,0x2afdaceaad44a52dbb008ef16b768ab808c6ff52d1555fd05c7b0c8247f0ce19,BUY,1.40990166,299.400000,212.3552,0.0161492520,0.0006274886,0.0167767406,316652,51.0000,0.340790
96748332,2026-06-16T16:22:56+00:00,0x57c6b92759180180a906ee72652c92ca40efa7d0382bc46781fbe4a9737eff6f,BUY,0.80862571,171.715903,212.3552,0.0208571667,0.0005424306,0.0213995973,333714,62.5001,0.325854
96748332,2026-06-16T16:22:56+00:00,0x57c6b92759180180a906ee72652c92ca40efa7d0382bc46781fbe4a9737eff6f,BUY,0.95436171,204.702066,214.4911,0.0208571667,0.0005424306,0.0213995973,333714,62.5001,0.325854
96748332,2026-06-16T16:22:56+00:00,0x57c6b92759180180a906ee72652c92ca40efa7d0382bc46781fbe4a9737eff6f,BUY,0.00906064,1.963198,216.6731,0.0208571667,0.0005424306,0.0213995973,333714,62.5001,0.325854
96749704,2026-06-16T17:08:40+00:00,0xfd5f5d654bcde0cf1539c631eea530146983d9ce13d80231d7cdcea55e3dd72b,BUY,0.00196140,0.424887,216.6239,0.0282695533,0.0006732336,0.0289427869,565165,50.0200,0.265253
96751668,2026-06-16T18:14:08+00:00,0x1da05a2a4f29536dcf959c19ee26c3bcf8aa97dfecb2d349ef911cfcad4fda11,SELL,0.00664207,1.421580,214.0266,0.0401053028,0.0008696240,0.0409749268,802069,50.0023,0.280240
96754482,2026-06-16T19:47:56+00:00,0x1255b324e6b5938d3cd2828ab0693a0410ade92146a505cb25fafc354e9d27ae,SELL,0.01502750,3.216286,214.0267,0.0273710400,0.0002223091,0.0275933491,456184,60.0000,0.115753
96754482,2026-06-16T19:47:56+00:00,0x1255b324e6b5938d3cd2828ab0693a0410ade92146a505cb25fafc354e9d27ae,SELL,1.35560289,287.246281,211.8956,0.0273710400,0.0002223091,0.0275933491,456184,60.0000,0.115753
96754482,2026-06-16T19:47:56+00:00,0x1255b324e6b5938d3cd2828ab0693a0410ade92146a505cb25fafc354e9d27ae,SELL,0.97667334,204.868810,209.7619,0.0273710400,0.0002223091,0.0275933491,456184,60.0000,0.115753
96754482,2026-06-16T19:47:56+00:00,0x1255b324e6b5938d3cd2828ab0693a0410ade92146a505cb25fafc354e9d27ae,SELL,0.99343652,206.263226,207.6260,0.0273710400,0.0002223091,0.0275933491,456184,60.0000,0.115753
96754482,2026-06-16T19:47:56+00:00,0x1255b324e6b5938d3cd2828ab0693a0410ade92146a505cb25fafc354e9d27ae,SELL,1.46313524,300.657366,205.4884,0.0273710400,0.0002223091,0.0275933491,456184,60.0000,0.115753
96754482,2026-06-16T19:47:56+00:00,0x1255b324e6b5938d3cd2828ab0693a0410ade92146a505cb25fafc354e9d27ae,SELL,0.18533059,37.686917,203.3497,0.0273710400,0.0002223091,0.0275933491,456184,60.0000,0.115753
96754502,2026-06-16T19:48:36+00:00,0x9f22a5f85cef33200c8c3aab4343391286c6d474fb1e96f94761a73f5009bb84,SELL,1.28770196,261.853782,203.3497,0.0304243125,0.0002050308,0.0306293433,486789,62.5000,0.106889
96754502,2026-06-16T19:48:36+00:00,0x9f22a5f85cef33200c8c3aab4343391286c6d474fb1e96f94761a73f5009bb84,SELL,1.48397202,298.590250,201.2102,0.0304243125,0.0002050308,0.0306293433,486789,62.5000,0.106889
96754502,2026-06-16T19:48:36+00:00,0x9f22a5f85cef33200c8c3aab4343391286c6d474fb1e96f94761a73f5009bb84,SELL,1.49313934,297.239692,199.0703,0.0304243125,0.0002050308,0.0306293433,486789,62.5000,0.106889
96754502,2026-06-16T19:48:36+00:00,0x9f22a5f85cef33200c8c3aab4343391286c6d474fb1e96f94761a73f5009bb84,SELL,0.55551747,109.398332,196.9305,0.0304243125,0.0002050308,0.0306293433,486789,62.5000,0.106889
96754502,2026-06-16T19:48:36+00:00,0x9f22a5f85cef33200c8c3aab4343391286c6d474fb1e96f94761a73f5009bb84,SELL,0.16576249,32.289067,194.7912,0.0304243125,0.0002050308,0.0306293433,486789,62.5000,0.106889
96754915,2026-06-16T20:02:22+00:00,0x40f563a2edb40ec4923f72026506af740ee7dadb05de93299a5e21fe4bfcc17c,BUY,0.16576249,32.870006,198.2958,0.0248087996,0.0001899397,0.0249987393,396940,62.5001,0.111731
96754915,2026-06-16T20:02:22+00:00,0x40f563a2edb40ec4923f72026506af740ee7dadb05de93299a5e21fe4bfcc17c,BUY,0.94852121,190.076872,200.3929,0.0248087996,0.0001899397,0.0249987393,396940,62.5001,0.111731
96754915,2026-06-16T20:02:22+00:00,0x40f563a2edb40ec4923f72026506af740ee7dadb05de93299a5e21fe4bfcc17c,BUY,0.00736418,1.491507,202.5353,0.0248087996,0.0001899397,0.0249987393,396940,62.5001,0.111731
96755040,2026-06-16T20:06:32+00:00,0xdd01e2da510a0d89c83605d9a48e943ea81655a501bf71ef475d208066db838f,BUY,1.47456701,298.651868,202.5353,0.0247641745,0.0001602784,0.0249244529,396226,62.5001,0.094283
96755040,2026-06-16T20:06:32+00:00,0xdd01e2da510a0d89c83605d9a48e943ea81655a501bf71ef475d208066db838f,BUY,1.48397202,303.804973,204.7242,0.0247641745,0.0001602784,0.0249244529,396226,62.5001,0.094283
96755040,2026-06-16T20:06:32+00:00,0xdd01e2da510a0d89c83605d9a48e943ea81655a501bf71ef475d208066db838f,BUY,0.00561143,1.161346,206.9608,0.0247641745,0.0001602784,0.0249244529,396226,62.5001,0.094283
96755973,2026-06-16T20:37:38+00:00,0x7ad3b7400f85d17d174e262529913df155297b6220094a8603f72049c4fb85e0,BUY,0.48435296,99.829939,206.1099,0.0261669626,0.0001709924,0.0263379550,523130,50.0200,0.075703
96756975,2026-06-16T21:11:02+00:00,0x7359ad11c5296fc54e18604afcef0921cdf04a02d3d40c747f2201271877b17c,SELL,0.66491513,135.402700,203.6391,0.0246996250,0.0001106029,0.0248102279,395194,62.5000,0.057643
96756975,2026-06-16T21:11:02+00:00,0x7359ad11c5296fc54e18604afcef0921cdf04a02d3d40c747f2201271877b17c,SELL,0.53267486,107.393318,201.6114,0.0246996250,0.0001106029,0.0248102279,395194,62.5000,0.057643
96758022,2026-06-16T21:45:56+00:00,0xb50984ca24b270a515b6b995b1ea831d14efe6090adff4f1e16510bc2c3902c3,BUY,0.00323874,0.660929,204.0700,0.0247936746,0.0000956651,0.0248893396,396698,62.5001,0.056327
96758022,2026-06-16T21:45:56+00:00,0xb50984ca24b270a515b6b995b1ea831d14efe6090adff4f1e16510bc2c3902c3,BUY,1.80474200,371.996327,206.1216,0.0247936746,0.0000956651,0.0248893396,396698,62.5001,0.056327
96758022,2026-06-16T21:45:56+00:00,0xb50984ca24b270a515b6b995b1ea831d14efe6090adff4f1e16510bc2c3902c3,BUY,0.00562445,1.171114,208.2184,0.0247936746,0.0000956651,0.0248893396,396698,62.5001,0.056327
96786438,2026-06-17T13:33:08+00:00,0x73f95ef45eae37b3f094de5ecca7d01dbf9f6c6d3c46cb739ed1776970bb5718,BUY,0.24336318,50.661157,208.1710,0.0257496765,0.0003996150,0.0261492915,411994,62.5001,0.237875
96786438,2026-06-17T13:33:08+00:00,0x73f95ef45eae37b3f094de5ecca7d01dbf9f6c6d3c46cb739ed1776970bb5718,BUY,0.99343652,208.884587,210.2647,0.0257496765,0.0003996150,0.0261492915,411994,62.5001,0.237875
96786438,2026-06-17T13:33:08+00:00,0x73f95ef45eae37b3f094de5ecca7d01dbf9f6c6d3c46cb739ed1776970bb5718,BUY,0.97667334,207.448847,212.4035,0.0257496765,0.0003996150,0.0261492915,411994,62.5001,0.237875
96786438,2026-06-17T13:33:08+00:00,0x73f95ef45eae37b3f094de5ecca7d01dbf9f6c6d3c46cb739ed1776970bb5718,BUY,0.00818302,1.755984,214.5887,0.0257496765,0.0003996150,0.0261492915,411994,62.5001,0.237875
96787236,2026-06-17T13:59:44+00:00,0x1eb699fa443db823cc14dbe80706546d806265f09bdd8ca0d6e95bf01ad0d1df,SELL,0.01343871,2.847765,211.9076,0.0397072500,0.0012623161,0.0409695661,529430,75.0000,0.394641
96787236,2026-06-17T13:59:44+00:00,0x1eb699fa443db823cc14dbe80706546d806265f09bdd8ca0d6e95bf01ad0d1df,SELL,1.36420777,286.207542,209.7976,0.0397072500,0.0012623161,0.0409695661,529430,75.0000,0.394641
96787236,2026-06-17T13:59:44+00:00,0x1eb699fa443db823cc14dbe80706546d806265f09bdd8ca0d6e95bf01ad0d1df,SELL,1.00577598,208.884588,207.6850,0.0397072500,0.0012623161,0.0409695661,529430,75.0000,0.394641
96787236,2026-06-17T13:59:44+00:00,0x1eb699fa443db823cc14dbe80706546d806265f09bdd8ca0d6e95bf01ad0d1df,SELL,1.80296507,370.636020,205.5703,0.0397072500,0.0012623161,0.0409695661,529430,75.0000,0.394641
96787236,2026-06-17T13:59:44+00:00,0x1eb699fa443db823cc14dbe80706546d806265f09bdd8ca0d6e95bf01ad0d1df,SELL,1.82771085,371.854888,203.4539,0.0397072500,0.0012623161,0.0409695661,529430,75.0000,0.394641
96787236,2026-06-17T13:59:44+00:00,0x1eb699fa443db823cc14dbe80706546d806265f09bdd8ca0d6e95bf01ad0d1df,SELL,1.84602260,371.671394,201.3363,0.0397072500,0.0012623161,0.0409695661,529430,75.0000,0.394641
96787236,2026-06-17T13:59:44+00:00,0x1eb699fa443db823cc14dbe80706546d806265f09bdd8ca0d6e95bf01ad0d1df,SELL,1.52397482,303.603187,199.2180,0.0397072500,0.0012623161,0.0409695661,529430,75.0000,0.394641
96787236,2026-06-17T13:59:44+00:00,0x1eb699fa443db823cc14dbe80706546d806265f09bdd8ca0d6e95bf01ad0d1df,SELL,0.54313400,107.051334,197.0993,0.0397072500,0.0012623161,0.0409695661,529430,75.0000,0.394641
96789312,2026-06-17T15:08:56+00:00,0xabe519039775750b198dca97545dc897ab5bd375b4407c6a98287a6e14712d7c,SELL,0.02770225,5.475351,197.6501,0.0195004390,0.0009551722,0.0204556112,390008,50.0001,0.513616
96789312,2026-06-17T15:08:56+00:00,0xabe519039775750b198dca97545dc897ab5bd375b4407c6a98287a6e14712d7c,SELL,0.49124852,96.128507,195.6820,0.0195004390,0.0009551722,0.0204556112,390008,50.0001,0.513616
96789347,2026-06-17T15:10:06+00:00,0xd3e1d25d692f482c6fd9debc0338083f0fbd83807ac070fba0b39a5f5b8743c4,SELL,0.03834106,7.502656,195.6820,0.0194803390,0.0009837212,0.0204640602,389606,50.0001,0.528301
96789347,2026-06-17T15:10:06+00:00,0xd3e1d25d692f482c6fd9debc0338083f0fbd83807ac070fba0b39a5f5b8743c4,SELL,0.06145360,11.904272,193.7115,0.0194803390,0.0009837212,0.0204640602,389606,50.0001,0.528301
96789976,2026-06-17T15:31:04+00:00,0xf050ac1da1d11168a2694e150d52148cc94f9f85daf7d84d360341848c7d5243,BUY,0.01017814,1.996000,196.1065,0.0325799510,0.0008891955,0.0334691466,375648,86.7300,0.471477
96790105,2026-06-17T15:35:22+00:00,0x1744484968ff062b42b3c527f9fe23006b9eee8fa9c533383165ac797be746d8,BUY,0.00000509,0.000998,196.1065,0.0190077000,0.0007743248,0.0197820248,380002,50.0200,0.419529
96790310,2026-06-17T15:42:12+00:00,0x5193fd1e0d2deb0ff252d9c259e98c4e5ddfb7059894a3a8158a16c0bbe71cae,BUY,0.05417393,10.623861,196.1065,0.0567094500,0.0008419558,0.0575514058,756126,75.0000,0.301583
96790310,2026-06-17T15:42:12+00:00,0x5193fd1e0d2deb0ff252d9c259e98c4e5ddfb7059894a3a8158a16c0bbe71cae,BUY,0.68576145,135.834816,198.0788,0.0567094500,0.0008419558,0.0575514058,756126,75.0000,0.301583
96794207,2026-06-17T17:52:06+00:00,0x7490c1390ac22296e254466f17675f560572df6fbabea5e81faf6c981c95b7e1,SELL,0.98383222,192.529222,195.6931,0.0250957002,0.0004619215,0.0255576217,501913,50.0001,0.203493
96799855,2026-06-17T21:00:22+00:00,0xa498d517e6d5cfc5234a4f9b7b3178cbbbb06334a00324950d76b142d4a36daf,BUY,0.02015076,3.991212,198.0676,0.0254203508,0.0003959036,0.0258162544,508406,50.0001,0.173152
96811098,2026-06-18T03:15:08+00:00,0x96e7baf09c50c08248bc95328fc8dff60b8625676df04c21fe84cdfbc7cb9a30,BUY,0.01243492,2.462954,198.0676,0.0190194380,0.0002139821,0.0192334201,380388,50.0001,0.113489
96813542,2026-06-18T04:36:36+00:00,0xb0a066c5a508f97b7f3c21cdc87dcca7d983f79b381e299e7f4b1b7f05932287,SELL,0.24845718,48.621367,195.6931,0.0201170402,0.0002090332,0.0203260734,402340,50.0001,0.110899
96813542,2026-06-18T04:36:36+00:00,0xb0a066c5a508f97b7f3c21cdc87dcca7d983f79b381e299e7f4b1b7f05932287,SELL,0.28620097,55.449887,193.7446,0.0201170402,0.0002090332,0.0203260734,402340,50.0001,0.110899
96814271,2026-06-18T05:00:54+00:00,0x0b9b823fe6b602585eee88d4c786f5fc8d00153532a554011c2d822866f2b936,SELL,0.24509204,47.487952,193.7556,0.0200256901,0.0002273294,0.0202530194,400513,50.0001,0.120441
96814271,2026-06-18T05:00:54+00:00,0x0b9b823fe6b602585eee88d4c786f5fc8d00153532a554011c2d822866f2b936,SELL,0.51235891,98.283923,191.8263,0.0200256901,0.0002273294,0.0202530194,400513,50.0001,0.120441
96814271,2026-06-18T05:00:54+00:00,0x0b9b823fe6b602585eee88d4c786f5fc8d00153532a554011c2d822866f2b936,SELL,0.02570303,4.880867,189.8946,0.0200256901,0.0002273294,0.0202530194,400513,50.0001,0.120441
96816244,2026-06-18T06:06:40+00:00,0x44e478ee6d0790d7f2952ecac9ab7732fe58653404ec9f34de87122d052ed060,BUY,0.00777011,1.493746,192.2425,0.0197812396,0.0002925967,0.0200738362,395624,50.0001,0.156154
96816244,2026-06-18T06:06:40+00:00,0x44e478ee6d0790d7f2952ecac9ab7732fe58653404ec9f34de87122d052ed060,BUY,0.00669821,1.300630,194.1759,0.0197812396,0.0002925967,0.0200738362,395624,50.0001,0.156154
96821909,2026-06-18T09:15:30+00:00,0x28f60b77c94955336270866bcea43173e8f9e6e658e248c9aebbf89d00b63c26,BUY,0.00873794,1.696600,194.1648,0.0190164380,0.0002815692,0.0192980073,380328,50.0001,0.148642
96829725,2026-06-18T13:36:02+00:00,0x1102c28127591e9cb7f6d407276359df4a998bf7f9c6ffb481931baa5b1b7040,SELL,0.00141019,0.270526,191.8372,0.0465851734,0.0012783450,0.0478635184,498824,93.3900,0.394693
96829725,2026-06-18T13:36:02+00:00,0x1102c28127591e9cb7f6d407276359df4a998bf7f9c6ffb481931baa5b1b7040,SELL,0.52097959,98.948116,189.9270,0.0465851734,0.0012783450,0.0478635184,498824,93.3900,0.394693
96829725,2026-06-18T13:36:02+00:00,0x1102c28127591e9cb7f6d407276359df4a998bf7f9c6ffb481931baa5b1b7040,SELL,0.52813387,99.296838,188.0145,0.0465851734,0.0012783450,0.0478635184,498824,93.3900,0.394693
96829725,2026-06-18T13:36:02+00:00,0x1102c28127591e9cb7f6d407276359df4a998bf7f9c6ffb481931baa5b1b7040,SELL,0.52965278,98.568427,186.1001,0.0465851734,0.0012783450,0.0478635184,498824,93.3900,0.394693
96829725,2026-06-18T13:36:02+00:00,0x1102c28127591e9cb7f6d407276359df4a998bf7f9c6ffb481931baa5b1b7040,SELL,0.53612886,98.746441,184.1842,0.0465851734,0.0012783450,0.0478635184,498824,93.3900,0.394693
96829725,2026-06-18T13:36:02+00:00,0x1102c28127591e9cb7f6d407276359df4a998bf7f9c6ffb481931baa5b1b7040,SELL,0.58260502,106.189752,182.2671,0.0465851734,0.0012783450,0.0478635184,498824,93.3900,0.394693
96833257,2026-06-18T15:33:46+00:00,0xa51b23c01407bf6312e8de9af790bf55efcb13b265880fd792347ce9326b3def,SELL,0.09508580,17.355681,182.5265,0.0265537406,0.0013490117,0.0279027523,424859,62.5001,0.790837
96833257,2026-06-18T15:33:46+00:00,0xa51b23c01407bf6312e8de9af790bf55efcb13b265880fd792347ce9326b3def,SELL,0.10107192,18.264612,180.7091,0.0265537406,0.0013490117,0.0279027523,424859,62.5001,0.790837
96833257,2026-06-18T15:33:46+00:00,0xa51b23c01407bf6312e8de9af790bf55efcb13b265880fd792347ce9326b3def,SELL,0.10192346,18.233023,178.8894,0.0265537406,0.0013490117,0.0279027523,424859,62.5001,0.790837
96833257,2026-06-18T15:33:46+00:00,0xa51b23c01407bf6312e8de9af790bf55efcb13b265880fd792347ce9326b3def,SELL,0.10269312,18.183649,177.0678,0.0265537406,0.0013490117,0.0279027523,424859,62.5001,0.790837
96833257,2026-06-18T15:33:46+00:00,0xa51b23c01407bf6312e8de9af790bf55efcb13b265880fd792347ce9326b3def,SELL,0.10340290,18.120832,175.2449,0.0265537406,0.0013490117,0.0279027523,424859,62.5001,0.790837
96841490,2026-06-18T20:08:12+00:00,0xf8cefaad5336f18239643645d6420d7f723279b274ae6578bc7e253a7f59c7f4,SELL,0.12905484,22.411387,173.6579,0.0186834704,0.0004492131,0.0191326835,373520,50.0200,0.232580
96842240,2026-06-18T20:33:12+00:00,0x5321f7c268419b7db822fbf97f840baa5d842da46b81922d5a37e80b095e08a5,SELL,0.00820395,1.424760,173.6677,0.0185089870,0.0002521748,0.0187611618,370179,50.0001,0.133289
96842756,2026-06-18T20:50:24+00:00,0x21dce2d34f3ad08a7b23a0c0f7831f6bbe76c80a464da4387068d71e3c268bd7,BUY,0.00825562,1.451132,175.7751,0.0496608316,0.0002965974,0.0499574290,436886,113.6700,0.156360
96842756,2026-06-18T20:50:24+00:00,0x21dce2d34f3ad08a7b23a0c0f7831f6bbe76c80a464da4387068d71e3c268bd7,BUY,0.10037631,17.821086,177.5427,0.0496608316,0.0002965974,0.0499574290,436886,113.6700,0.156360
96842756,2026-06-18T20:50:24+00:00,0x21dce2d34f3ad08a7b23a0c0f7831f6bbe76c80a464da4387068d71e3c268bd7,BUY,0.09934291,17.817028,179.3488,0.0496608316,0.0002965974,0.0499574290,436886,113.6700,0.156360
96842756,2026-06-18T20:50:24+00:00,0x21dce2d34f3ad08a7b23a0c0f7831f6bbe76c80a464da4387068d71e3c268bd7,BUY,0.09833136,17.817027,181.1937,0.0496608316,0.0002965974,0.0499574290,436886,113.6700,0.156360
96842756,2026-06-18T20:50:24+00:00,0x21dce2d34f3ad08a7b23a0c0f7831f6bbe76c80a464da4387068d71e3c268bd7,BUY,0.70288052,128.682348,183.0786,0.0496608316,0.0002965974,0.0499574290,436886,113.6700,0.156360
96857661,2026-06-19T05:07:14+00:00,0x5bea3fff07c445096d8c166d115ea50001f8092341e07e296eb86bdcb40c9267,SELL,4.19561196,758.228211,180.7193,0.0190001470,0.0002191907,0.0192193377,379851,50.0200,0.114555
96859233,2026-06-19T05:59:38+00:00,0x6f790f27c4595e528a3b0299e3e1a7e564e159002f3065819e4b253225892c8b,SELL,4.99000000,901.789491,180.7193,0.0195957892,0.0001116375,0.0197074267,391915,50.0001,0.059457
96861038,2026-06-19T06:59:48+00:00,0x7462fc5efcf7d969ca964853258ace62b1621c5203846881f838f7f45e3da858,SELL,0.03368476,6.087488,180.7193,0.0208820918,0.0001987627,0.0210808545,417641,50.0001,0.105384
96861038,2026-06-19T06:59:48+00:00,0x7462fc5efcf7d969ca964853258ace62b1621c5203846881f838f7f45e3da858,SELL,2.30299378,412.051348,178.9199,0.0208820918,0.0001987627,0.0210808545,417641,50.0001,0.105384
96861038,2026-06-19T06:59:48+00:00,0x7462fc5efcf7d969ca964853258ace62b1621c5203846881f838f7f45e3da858,SELL,0.04210783,7.458061,177.1182,0.0208820918,0.0001987627,0.0210808545,417641,50.0001,0.105384
96885813,2026-06-19T20:45:38+00:00,0x8474ff83ece1be99226b876b7df16d155de91ea6a16ec803c1c6309e559c20e0,BUY,0.00042181,0.075636,179.3110,0.0269700837,0.0003656796,0.0273357633,539186,50.0200,0.138726
96885844,2026-06-19T20:46:40+00:00,0x74a5a0a55d448cbc5f3aaaba9c5397e440e2a02f6e36c19bf6ca3df65e71a257,BUY,0.05816306,10.429100,179.3080,0.0180271080,0.0003374890,0.0183645970,360398,50.0200,0.177942
96900172,2026-06-20T04:44:16+00:00,0xe3c9106031eae5e95390d15e783fcacdc15b11995b3ca2a2d5057dd302329999,BUY,0.03897878,6.989207,179.3080,0.0188058376,0.0002353407,0.0190411783,376116,50.0001,0.124449
96900172,2026-06-20T04:44:16+00:00,0xe3c9106031eae5e95390d15e783fcacdc15b11995b3ca2a2d5057dd302329999,BUY,0.01651325,2.990737,181.1114,0.0188058376,0.0002353407,0.0190411783,376116,50.0001,0.124449
96900227,2026-06-20T04:46:06+00:00,0x898b7a967ede8435eeaf18f9f476be58525d154d814520331aa66b12ea27b666,BUY,2.19310683,397.196538,181.1113,0.0119900240,0.0002393373,0.0122293613,239800,50.0001,0.126563
96900414,2026-06-20T04:52:20+00:00,0x6d27745b099b9a2d0b10a6adda958c968b194aea85cd584e112de3877d239e3a,BUY,0.02033756,3.683364,181.1114,0.0280166060,0.0004952061,0.0285118121,560331,50.0001,0.194641
96910064,2026-06-20T10:14:00+00:00,0x34736ba0202eec06d9486b7ac8b87dc038959ad55fda0cffdc458c50f2a8ad3b,BUY,0.05833863,10.565188,181.1011,0.0251977071,0.0012441215,0.0264418286,498963,50.5002,0.568387
96914203,2026-06-20T12:31:58+00:00,0x0f5b01e91d75d710a11948a1b8f3d44fd7a9bbabc4d149ccd1551184ee7e7cbe,BUY,0.13158999,23.831087,181.1011,0.0243576577,0.0005154771,0.0248731348,482137,50.5202,0.235791
96920945,2026-06-20T16:16:42+00:00,0x3f364d33edf5754f1e091b3e4c7a1683de3fb64e2b4d784ccaf80ab5a22275bb,SELL,3.30758302,591.825950,178.9300,0.0181100362,0.0003102484,0.0184202846,362200,50.0001,0.175764
96930813,2026-06-20T21:45:38+00:00,0x37f2b6e64ae5e1c0053903ba6411c0588bf620cd23743a6938958a70729c278a,SELL,0.04703080,8.415223,178.9300,0.0175190850,0.0001371701,0.0176562551,350381,50.0001,0.072123
96954466,2026-06-21T10:54:04+00:00,0x0b9d02740bded31739e245ce54bdf5478250138b954ce66112538e3bb9e20598,SELL,1.82222917,326.051532,178.9300,0.0175413851,0.0003038179,0.0178452029,350827,50.0001,0.157170
96975171,2026-06-21T22:24:14+00:00,0x5c7b75cc42d45d6d5db63f11906160512704f56877c2ab7c2ff689125b5bf90b,BUY,0.00040397,0.073161,181.1039,0.0290034580,0.0002782477,0.0292817057,580068,50.0001,0.105983
96975197,2026-06-21T22:25:06+00:00,0xca73520920af245a22978deda8f859ed0600911015a2eb8eb44c98c5556a7f61,BUY,0.02272692,4.115870,181.1011,0.0310838122,0.0002330639,0.0313168761,621675,50.0001,0.093457
96985523,2026-06-22T04:09:18+00:00,0x884cde8d2a43893c28098ddc37da6360ae44673b172c966bc3b3c8ad8a7184c8,SELL,2.99356441,535.638589,178.9300,0.0185412371,0.0001332153,0.0186744524,370824,50.0001,0.069700
96985523,2026-06-22T04:09:18+00:00,0x884cde8d2a43893c28098ddc37da6360ae44673b172c966bc3b3c8ad8a7184c8,SELL,0.00043559,0.077163,177.1476,0.0185412371,0.0001332153,0.0186744524,370824,50.0001,0.069700
96997333,2026-06-22T10:42:58+00:00,0x1a4fed4d9404e5989dfa96d851bc520efaf8eb23c799a9a150a1d960e3c52baa,SELL,0.15538702,27.528124,177.1585,0.0185332371,0.0002714800,0.0188047170,370664,50.0001,0.141867
96997333,2026-06-22T10:42:58+00:00,0x1a4fed4d9404e5989dfa96d851bc520efaf8eb23c799a9a150a1d960e3c52baa,SELL,0.04421215,7.754565,175.3944,0.0185332371,0.0002714800,0.0188047170,370664,50.0001,0.141867
96998370,2026-06-22T11:17:32+00:00,0x255b1bd43fefda363f1b4ad716ad1dc17966adf0625346d74571960ba883a371,SELL,0.11525504,20.215955,175.4019,0.0185151370,0.0002426042,0.0187577412,370302,50.0001,0.126661
96998370,2026-06-22T11:17:32+00:00,0x255b1bd43fefda363f1b4ad716ad1dc17966adf0625346d74571960ba883a371,SELL,0.03444296,5.980866,173.6455,0.0185151370,0.0002426042,0.0187577412,370302,50.0001,0.126661
97003879,2026-06-22T14:21:10+00:00,0x435570cac5b97da3ff9aa573ee10c5e2f4a24601c613c9f45282e37ed59f2d67,SELL,0.17009429,29.539890,173.6677,0.0192998886,0.0006907533,0.0199906419,385997,50.0001,0.362254
97003879,2026-06-22T14:21:10+00:00,0x435570cac5b97da3ff9aa573ee10c5e2f4a24601c613c9f45282e37ed59f2d67,SELL,0.22638591,38.924449,171.9385,0.0192998886,0.0006907533,0.0199906419,385997,50.0001,0.362254
97003879,2026-06-22T14:21:10+00:00,0x435570cac5b97da3ff9aa573ee10c5e2f4a24601c613c9f45282e37ed59f2d67,SELL,0.04263234,7.256326,170.2071,0.0192998886,0.0006907533,0.0199906419,385997,50.0001,0.362254
97003920,2026-06-22T14:22:32+00:00,0x3db633a00ffa432b934fd015ec6ce82c66d6081eed08c3e52c6debe670b43848,SELL,0.18426219,31.362732,170.2071,0.0185161370,0.0005933784,0.0191095154,370322,50.0001,0.309134
97003920,2026-06-22T14:22:32+00:00,0x3db633a00ffa432b934fd015ec6ce82c66d6081eed08c3e52c6debe670b43848,SELL,0.01532137,2.581252,168.4739,0.0185161370,0.0005933784,0.0191095154,370322,50.0001,0.309134
97004138,2026-06-22T14:29:48+00:00,0xdf5e316f8d5f238b7d0cc480deec695c5927044d3a9f5481a9c4cbb75bf9c248,SELL,4.76535198,802.837813,168.4740,0.0281445533,0.0009001446,0.0290446979,562666,50.0200,0.342902
97007155,2026-06-22T16:10:22+00:00,0xab93497f4c6d1fa08928467eefee68fc053806040740c4d2a7d073f4bdacf7bd,SELL,0.16130224,27.189081,168.5599,0.0193159886,0.0011277078,0.0204436964,386319,50.0001,0.590752
97007155,2026-06-22T16:10:22+00:00,0xab93497f4c6d1fa08928467eefee68fc053806040740c4d2a7d073f4bdacf7bd,SELL,0.18585556,31.015186,166.8779,0.0193159886,0.0011277078,0.0204436964,386319,50.0001,0.590752
97007155,2026-06-22T16:10:22+00:00,0xab93497f4c6d1fa08928467eefee68fc053806040740c4d2a7d073f4bdacf7bd,SELL,0.01211609,2.001504,165.1939,0.0193159886,0.0011277078,0.0204436964,386319,50.0001,0.590752
97007979,2026-06-22T16:37:50+00:00,0xcd4e14f644116413195b7ebcab30da9f1e0ddb965c931299ada9f8b96a8efef4,BUY,0.02454121,4.104365,167.2438,0.0454232908,0.0010865828,0.0465098736,908464,50.0001,0.298206
97013356,2026-06-22T19:37:04+00:00,0xd8890bc6e18d785eb4efc1190465e3a25d99704b5f51df838a2988be50f94073,SELL,0.01565724,2.587185,165.2389,0.0193058886,0.0007467028,0.0200525914,386117,50.0001,0.391402
97013356,2026-06-22T19:37:04+00:00,0xd8890bc6e18d785eb4efc1190465e3a25d99704b5f51df838a2988be50f94073,SELL,0.95805212,156.731160,163.5936,0.0193058886,0.0007467028,0.0200525914,386117,50.0001,0.391402
97013356,2026-06-22T19:37:04+00:00,0xd8890bc6e18d785eb4efc1190465e3a25d99704b5f51df838a2988be50f94073,SELL,0.02427081,3.930566,161.9462,0.0193058886,0.0007467028,0.0200525914,386117,50.0001,0.391402
97013394,2026-06-22T19:38:20+00:00,0x3ce94bad59a7b9e83ddba31bf348bf38714d2ba41fa4f69b65101761c4bc3d5b,SELL,0.16375357,26.519270,161.9462,0.0190449881,0.0006360690,0.0196810571,380899,50.0001,0.329595
97013394,2026-06-22T19:38:20+00:00,0x3ce94bad59a7b9e83ddba31bf348bf38714d2ba41fa4f69b65101761c4bc3d5b,SELL,0.18940003,30.360297,160.2972,0.0190449881,0.0006360690,0.0196810571,380899,50.0001,0.329595
97013394,2026-06-22T19:38:20+00:00,0x3ce94bad59a7b9e83ddba31bf348bf38714d2ba41fa4f69b65101761c4bc3d5b,SELL,0.16612552,26.355303,158.6469,0.0190449881,0.0006360690,0.0196810571,380899,50.0001,0.329595
97014213,2026-06-22T20:05:38+00:00,0x2a49b7714ea70099ee364b4d1ec973adab1311585e6338ac04ce10b5694c867f,SELL,0.02501361,3.971944,158.7913,0.0190684881,0.0004750158,0.0195435039,381369,50.0001,0.248568
97014213,2026-06-22T20:05:38+00:00,0x2a49b7714ea70099ee364b4d1ec973adab1311585e6338ac04ce10b5694c867f,SELL,0.19208071,30.197046,157.2102,0.0190684881,0.0004750158,0.0195435039,381369,50.0001,0.248568
97014213,2026-06-22T20:05:38+00:00,0x2a49b7714ea70099ee364b4d1ec973adab1311585e6338ac04ce10b5694c867f,SELL,0.00689268,1.072687,155.6270,0.0190684881,0.0004750158,0.0195435039,381369,50.0001,0.248568
97025408,2026-06-23T02:18:48+00:00,0xa915740c4ec8f6854a4f229b0defc87e58f660c5c3282bbd1a5a5a2355f8751b,SELL,5.84639816,910.064989,155.6625,0.0181094362,0.0001886040,0.0182980402,362188,50.0001,0.107362
97027416,2026-06-23T03:25:44+00:00,0xc968e4e7000e089b089e0c67d81f72b4c4687b806966466728189a7322fa9356,SELL,1.48702000,231.473259,155.6625,0.0215275920,0.0002343064,0.0217618984,360403,59.7320,0.121748
97027576,2026-06-23T03:31:04+00:00,0x9ea5b8d3e8913ff76491ce56d1f086a3a97dab59c4ed51058821d25a44f9d109,SELL,6.58832177,1025.554678,155.6625,0.0292945200,0.0001923316,0.0294868516,488242,60.0000,0.099435
97027576,2026-06-23T03:31:04+00:00,0x9ea5b8d3e8913ff76491ce56d1f086a3a97dab59c4ed51058821d25a44f9d109,SELL,0.67763761,104.432451,154.1125,0.0292945200,0.0001923316,0.0294868516,488242,60.0000,0.099435
97027576,2026-06-23T03:31:04+00:00,0x9ea5b8d3e8913ff76491ce56d1f086a3a97dab59c4ed51058821d25a44f9d109,SELL,0.20281705,30.941903,152.5607,0.0292945200,0.0001923316,0.0294868516,488242,60.0000,0.099435
97027576,2026-06-23T03:31:04+00:00,0x9ea5b8d3e8913ff76491ce56d1f086a3a97dab59c4ed51058821d25a44f9d109,SELL,0.20360366,30.745624,151.0072,0.0292945200,0.0001923316,0.0294868516,488242,60.0000,0.099435
97027576,2026-06-23T03:31:04+00:00,0x9ea5b8d3e8913ff76491ce56d1f086a3a97dab59c4ed51058821d25a44f9d109,SELL,0.20412953,30.507685,149.4526,0.0292945200,0.0001923316,0.0294868516,488242,60.0000,0.099435
97027576,2026-06-23T03:31:04+00:00,0x9ea5b8d3e8913ff76491ce56d1f086a3a97dab59c4ed51058821d25a44f9d109,SELL,0.20440672,30.231152,147.8971,0.0292945200,0.0001923316,0.0294868516,488242,60.0000,0.099435
97027576,2026-06-23T03:31:04+00:00,0x9ea5b8d3e8913ff76491ce56d1f086a3a97dab59c4ed51058821d25a44f9d109,SELL,0.20469286,29.954953,146.3410,0.0292945200,0.0001923316,0.0294868516,488242,60.0000,0.099435
97027576,2026-06-23T03:31:04+00:00,0x9ea5b8d3e8913ff76491ce56d1f086a3a97dab59c4ed51058821d25a44f9d109,SELL,0.20500108,29.681009,144.7846,0.0292945200,0.0001923316,0.0294868516,488242,60.0000,0.099435
97027576,2026-06-23T03:31:04+00:00,0x9ea5b8d3e8913ff76491ce56d1f086a3a97dab59c4ed51058821d25a44f9d109,SELL,0.20540816,29.420274,143.2284,0.0292945200,0.0001923316,0.0294868516,488242,60.0000,0.099435
97027576,2026-06-23T03:31:04+00:00,0x9ea5b8d3e8913ff76491ce56d1f086a3a97dab59c4ed51058821d25a44f9d109,SELL,0.01846417,2.615864,141.6724,0.0292945200,0.0001923316,0.0294868516,488242,60.0000,0.099435
97031842,2026-06-23T05:53:16+00:00,0xd373d27473a26a0fd1115a7ecf10dc5e027df7c7fc97f1faaeeaecda73ccede6,BUY,0.00975212,1.404846,144.0555,0.0216242432,0.0002365034,0.0218607467,432484,50.0001,0.125141
97031842,2026-06-23T05:53:16+00:00,0xd373d27473a26a0fd1115a7ecf10dc5e027df7c7fc97f1faaeeaecda73ccede6,BUY,0.58136771,84.591428,145.5042,0.0216242432,0.0002365034,0.0218607467,432484,50.0001,0.125141
97031842,2026-06-23T05:53:16+00:00,0xd373d27473a26a0fd1115a7ecf10dc5e027df7c7fc97f1faaeeaecda73ccede6,BUY,0.20500108,30.131936,146.9843,0.0216242432,0.0002365034,0.0218607467,432484,50.0001,0.125141
97031842,2026-06-23T05:53:16+00:00,0xd373d27473a26a0fd1115a7ecf10dc5e027df7c7fc97f1faaeeaecda73ccede6,BUY,0.20469286,30.396137,148.4963,0.0216242432,0.0002365034,0.0218607467,432484,50.0001,0.125141
97031842,2026-06-23T05:53:16+00:00,0xd373d27473a26a0fd1115a7ecf10dc5e027df7c7fc97f1faaeeaecda73ccede6,BUY,0.20440672,30.669392,150.0410,0.0216242432,0.0002365034,0.0218607467,432484,50.0001,0.125141
97031842,2026-06-23T05:53:16+00:00,0xd373d27473a26a0fd1115a7ecf10dc5e027df7c7fc97f1faaeeaecda73ccede6,BUY,0.47655011,72.254093,151.6191,0.0216242432,0.0002365034,0.0218607467,432484,50.0001,0.125141
97036804,2026-06-23T08:38:40+00:00,0x195abf12862f45014c21bf7b745fc5ecdd6cc76eaef7da1231dc8cca0ebc9299,SELL,3.19459800,477.875470,149.5886,0.0180258861,0.0005946132,0.0186204993,360517,50.0001,0.312627
97039782,2026-06-23T10:17:56+00:00,0xc5a8052a00c91a9ed32ae3147f0498e6d4de9a4b93f08f73e55d164c1be68558,SELL,0.06386629,9.553670,149.5886,0.0185461371,0.0004037699,0.0189499070,370922,50.0001,0.215109
97039782,2026-06-23T10:17:56+00:00,0xc5a8052a00c91a9ed32ae3147f0498e6d4de9a4b93f08f73e55d164c1be68558,SELL,0.00599359,0.887645,148.0990,0.0185461371,0.0004037699,0.0189499070,370922,50.0001,0.215109
97043362,2026-06-23T12:17:16+00:00,0x7104fbd17e6c4f8336e2fa21ed15319023458cce139a6bf238119a57aea65403,BUY,0.06180972,9.265562,149.9046,0.0245336741,0.0004473461,0.0249810202,392538,62.5001,0.264792
97043362,2026-06-23T12:17:16+00:00,0x7104fbd17e6c4f8336e2fa21ed15319023458cce139a6bf238119a57aea65403,BUY,0.21377892,32.368744,151.4122,0.0245336741,0.0004473461,0.0249810202,392538,62.5001,0.264792
97043362,2026-06-23T12:17:16+00:00,0x7104fbd17e6c4f8336e2fa21ed15319023458cce139a6bf238119a57aea65403,BUY,0.20360366,31.141675,152.9524,0.0245336741,0.0004473461,0.0249810202,392538,62.5001,0.264792
97043362,2026-06-23T12:17:16+00:00,0x7104fbd17e6c4f8336e2fa21ed15319023458cce139a6bf238119a57aea65403,BUY,0.00645890,0.998069,154.5261,0.0245336741,0.0004473461,0.0249810202,392538,62.5001,0.264792
97046648,2026-06-23T14:06:48+00:00,0x71782dfd9718b02353c536c08504bdb90afffe2c8749a0b34de6a64601844a8d,BUY,0.46250785,71.432874,154.4468,0.0236077972,0.0007031836,0.0243109808,377724,62.5001,0.414932
97046648,2026-06-23T14:06:48+00:00,0x71782dfd9718b02353c536c08504bdb90afffe2c8749a0b34de6a64601844a8d,BUY,0.67763761,105.711580,156.0002,0.0236077972,0.0007031836,0.0243109808,377724,62.5001,0.414932
97046648,2026-06-23T14:06:48+00:00,0x71782dfd9718b02353c536c08504bdb90afffe2c8749a0b34de6a64601844a8d,BUY,0.00636815,1.003539,157.5872,0.0236077972,0.0007031836,0.0243109808,377724,62.5001,0.414932
97050738,2026-06-23T16:23:08+00:00,0x54732fdd8598035952711be332e54365cbd20675af2fa557201408505ca2d7c8,BUY,0.45803991,72.164746,157.5512,0.0245436741,0.0006348544,0.0251785285,392698,62.5001,0.373566
97050738,2026-06-23T16:23:08+00:00,0x54732fdd8598035952711be332e54365cbd20675af2fa557201408505ca2d7c8,BUY,0.23333765,37.132368,159.1358,0.0245436741,0.0006348544,0.0251785285,392698,62.5001,0.373566
97050738,2026-06-23T16:23:08+00:00,0x54732fdd8598035952711be332e54365cbd20675af2fa557201408505ca2d7c8,BUY,0.21537972,34.623268,160.7545,0.0245436741,0.0006348544,0.0251785285,392698,62.5001,0.373566
97050738,2026-06-23T16:23:08+00:00,0x54732fdd8598035952711be332e54365cbd20675af2fa557201408505ca2d7c8,BUY,0.00614687,0.998303,162.4083,0.0245436741,0.0006348544,0.0251785285,392698,62.5001,0.373566
97050982,2026-06-23T16:31:16+00:00,0x977815e268aea6ee77ce73f0cf09ebf481eb991ad0e2e569fa1bdb6afdbc2c9a,BUY,0.11453271,18.593920,162.3459,0.0226430453,0.0009155737,0.0235586190,362288,62.5001,0.539419
97050982,2026-06-23T16:31:16+00:00,0x977815e268aea6ee77ce73f0cf09ebf481eb991ad0e2e569fa1bdb6afdbc2c9a,BUY,0.00608055,0.997252,164.0067,0.0226430453,0.0009155737,0.0235586190,362288,62.5001,0.539419
97067730,2026-06-24T01:49:32+00:00,0x10f6280448bb3bdb8ed500a7c80e251f27539ec794ecd4ff19c491607466db3e,SELL,0.03550213,5.750742,161.9830,0.0217385435,0.0001936392,0.0219321826,347816,62.5001,0.112519
97069505,2026-06-24T02:48:42+00:00,0x5fb6889da2e45c8cb4b03661f8c6e02644a1b456feb62c7d2915c0d3198b1f4f,BUY,0.02434912,3.992000,163.9484,0.0579323159,0.0002828429,0.0582151587,1158644,50.0001,0.094624
97084575,2026-06-24T11:11:02+00:00,0x8a39a47aeea7984dbe41c8247b3b27f253b946cd27e426ea62d89e85b5cc3780,SELL,0.00000001,0.000001,161.9830,0.0210737921,0.0002592629,0.0213330551,421475,50.0001,0.135524
97084575,2026-06-24T11:11:02+00:00,0x8a39a47aeea7984dbe41c8247b3b27f253b946cd27e426ea62d89e85b5cc3780,SELL,0.21271041,34.112394,160.3701,0.0210737921,0.0002592629,0.0213330551,421475,50.0001,0.135524
97084575,2026-06-24T11:11:02+00:00,0x8a39a47aeea7984dbe41c8247b3b27f253b946cd27e426ea62d89e85b5cc3780,SELL,0.21809215,34.623269,158.7552,0.0210737921,0.0002592629,0.0213330551,421475,50.0001,0.135524
97084575,2026-06-24T11:11:02+00:00,0x8a39a47aeea7984dbe41c8247b3b27f253b946cd27e426ea62d89e85b5cc3780,SELL,0.23630310,37.132368,157.1387,0.0210737921,0.0002592629,0.0213330551,421475,50.0001,0.135524
97084575,2026-06-24T11:11:02+00:00,0x8a39a47aeea7984dbe41c8247b3b27f253b946cd27e426ea62d89e85b5cc3780,SELL,0.72981454,113.501453,155.5210,0.0210737921,0.0002592629,0.0213330551,421475,50.0001,0.135524
97090682,2026-06-24T14:34:36+00:00,0xdf920d8e999f90ee01af110113736316e89a9983523430e511f06c893a5352b6,BUY,0.31934299,50.312877,157.5512,0.0226467953,0.0012126722,0.0238594675,362348,62.5001,0.708514
97090682,2026-06-24T14:34:36+00:00,0xdf920d8e999f90ee01af110113736316e89a9983523430e511f06c893a5352b6,BUY,0.00629595,1.001911,159.1359,0.0226467953,0.0012126722,0.0238594675,362348,62.5001,0.708514
97099830,2026-06-24T19:39:32+00:00,0x4f67b5f64f450f9fc2257ad93f6dfff4ba4edc83846cd9056809b844d3022429,SELL,0.00000001,0.000001,157.2191,0.0219636000,0.0003716052,0.0223352052,366060,60.0000,0.195605
97099830,2026-06-24T19:39:32+00:00,0x4f67b5f64f450f9fc2257ad93f6dfff4ba4edc83846cd9056809b844d3022429,SELL,0.20881994,32.503588,155.6537,0.0219636000,0.0003716052,0.0223352052,366060,60.0000,0.195605
97106512,2026-06-24T23:22:16+00:00,0x2bb2125e1d7df7c11f4aea756653a5eb06e3e976a5faf653aa5a7af6593b743f,SELL,0.03803732,5.920984,155.6625,0.0225410400,0.0002881395,0.0228291795,375684,60.0000,0.151258
97106512,2026-06-24T23:22:16+00:00,0x2bb2125e1d7df7c11f4aea756653a5eb06e3e976a5faf653aa5a7af6593b743f,SELL,0.06176152,9.518224,154.1125,0.0225410400,0.0002881395,0.0228291795,375684,60.0000,0.151258
97106547,2026-06-24T23:23:26+00:00,0x74e0dc44b04e040aedbc4bdf5a1f746b4c4a86c649f3514d6b6cdf186f81c411,SELL,15.96770000,2460.822744,154.1125,0.0215988600,0.0002472380,0.0218460980,359981,60.0000,0.129133
97110034,2026-06-25T01:19:40+00:00,0xceb269347688623383a22773b51fd673364bd9a0e195728c3fd92b1a77dd27ec,SELL,0.65849428,101.487990,154.1213,0.0225397326,0.0001312364,0.0226709690,360635,62.5001,0.075545
97110034,2026-06-25T01:19:40+00:00,0xceb269347688623383a22773b51fd673364bd9a0e195728c3fd92b1a77dd27ec,SELL,0.00655365,1.000000,152.5867,0.0225397326,0.0001312364,0.0226709690,360635,62.5001,0.075545
97117245,2026-06-25T05:20:02+00:00,0x6326be6cbeb79a91c2a1f51003a7b6067bbe37e01b7968e206bd97c12632a18f,BUY,0.16577449,25.603347,154.4468,0.0226379203,0.0003264092,0.0229643294,362206,62.5001,0.191002
97117245,2026-06-25T05:20:02+00:00,0x6326be6cbeb79a91c2a1f51003a7b6067bbe37e01b7968e206bd97c12632a18f,BUY,0.00641078,1.000082,156.0002,0.0226379203,0.0003264092,0.0229643294,362206,62.5001,0.191002
97124049,2026-06-25T09:06:50+00:00,0xf0827b88bc507fc52d0f70d796dfe268a47b602b567e69ca8116afb5e404de97,BUY,0.57041584,88.979910,155.9913,0.0226341703,0.0002981138,0.0229322841,362146,62.5001,0.174229
97124049,2026-06-25T09:06:50+00:00,0xf0827b88bc507fc52d0f70d796dfe268a47b602b567e69ca8116afb5e404de97,BUY,0.00636994,1.003649,157.5602,0.0226341703,0.0002981138,0.0229322841,362146,62.5001,0.174229
97126077,2026-06-25T10:14:26+00:00,0x992e8bf6669d75c97f2022c1c74d021fb86eb7c5cadb4c595aba0f5260a20aba,BUY,0.58035960,91.436361,157.5512,0.0226057952,0.0003760783,0.0229818736,361692,62.5001,0.220066
97126077,2026-06-25T10:14:26+00:00,0x992e8bf6669d75c97f2022c1c74d021fb86eb7c5cadb4c595aba0f5260a20aba,BUY,0.00629406,1.001611,159.1359,0.0226057952,0.0003760783,0.0229818736,361692,62.5001,0.220066
97126776,2026-06-25T10:37:44+00:00,0x5753a386f9446ea33dff8224fcdc90b5c7452db1aa9f1f9f65bc27c0a6b11c14,BUY,0.46661387,74.251795,159.1290,0.0226040452,0.0003559978,0.0229600430,361664,62.5001,0.214765
97126776,2026-06-25T10:37:44+00:00,0x5753a386f9446ea33dff8224fcdc90b5c7452db1aa9f1f9f65bc27c0a6b11c14,BUY,0.00622125,0.999995,160.7387,0.0226040452,0.0003559978,0.0229600430,361664,62.5001,0.214765
97126823,2026-06-25T10:39:18+00:00,0xc6bb98fa3e2ead0b83845bf7327bcb8a32f16300ef405a6242b2f7e79a379d7d,BUY,0.40449497,65.017934,160.7385,0.0226059202,0.0003165398,0.0229224601,361694,62.5001,0.185226
97126823,2026-06-25T10:39:18+00:00,0xc6bb98fa3e2ead0b83845bf7327bcb8a32f16300ef405a6242b2f7e79a379d7d,BUY,0.00617268,1.002339,162.3830,0.0226059202,0.0003165398,0.0229224601,361694,62.5001,0.185226
97137811,2026-06-25T16:45:34+00:00,0x5fc57f6e400c3c0819658abcedf5cf112a7a646874377f4e756128d30ca24413,SELL,0.02110683,3.385097,160.3792,0.0282494940,0.0019997679,0.0302492619,451991,62.5001,1.076691
97137811,2026-06-25T16:45:34+00:00,0x5fc57f6e400c3c0819658abcedf5cf112a7a646874377f4e756128d30ca24413,SELL,0.18806466,29.861340,158.7823,0.0282494940,0.0019997679,0.0302492619,451991,62.5001,1.076691
97137811,2026-06-25T16:45:34+00:00,0x5fc57f6e400c3c0819658abcedf5cf112a7a646874377f4e756128d30ca24413,SELL,0.20536864,32.280541,157.1834,0.0282494940,0.0019997679,0.0302492619,451991,62.5001,1.076691
97137811,2026-06-25T16:45:34+00:00,0x5fc57f6e400c3c0819658abcedf5cf112a7a646874377f4e756128d30ca24413,SELL,0.84344659,131.225861,155.5829,0.0282494940,0.0019997679,0.0302492619,451991,62.5001,1.076691
97137811,2026-06-25T16:45:34+00:00,0x5fc57f6e400c3c0819658abcedf5cf112a7a646874377f4e756128d30ca24413,SELL,0.68065220,104.807604,153.9811,0.0282494940,0.0019997679,0.0302492619,451991,62.5001,1.076691
97137811,2026-06-25T16:45:34+00:00,0x5fc57f6e400c3c0819658abcedf5cf112a7a646874377f4e756128d30ca24413,SELL,0.19237680,29.314086,152.3785,0.0282494940,0.0019997679,0.0302492619,451991,62.5001,1.076691
97137811,2026-06-25T16:45:34+00:00,0x5fc57f6e400c3c0819658abcedf5cf112a7a646874377f4e756128d30ca24413,SELL,0.19508566,29.414090,150.7753,0.0282494940,0.0019997679,0.0302492619,451991,62.5001,1.076691
97137811,2026-06-25T16:45:34+00:00,0x5fc57f6e400c3c0819658abcedf5cf112a7a646874377f4e756128d30ca24413,SELL,0.00670368,1.000000,149.1718,0.0282494940,0.0019997679,0.0302492619,451991,62.5001,1.076691
97140080,2026-06-25T18:01:12+00:00,0x5fef90aa7f63063e0ec97c8c3b9c547b8d17a38ffead37a18a40d61c430b4a73,BUY,0.34989109,52.974778,151.4036,0.0226229202,0.0014192890,0.0240422093,361966,62.5001,0.770815
97140080,2026-06-25T18:01:12+00:00,0x5fef90aa7f63063e0ec97c8c3b9c547b8d17a38ffead37a18a40d61c430b4a73,BUY,0.00655872,1.003001,152.9264,0.0226229202,0.0014192890,0.0240422093,361966,62.5001,0.770815
97156812,2026-06-26T03:18:56+00:00,0x502261ccb1d0f414c5486354528ddc1338733f35da4cda3f077ac898fa84826d,SELL,0.23995664,36.253728,151.0845,0.0234641719,0.0002693376,0.0237335095,375426,62.5001,0.140774
97156812,2026-06-26T03:18:56+00:00,0x502261ccb1d0f414c5486354528ddc1338733f35da4cda3f077ac898fa84826d,SELL,0.20202653,30.219151,149.5801,0.0234641719,0.0002693376,0.0237335095,375426,62.5001,0.140774
97156812,2026-06-26T03:18:56+00:00,0x502261ccb1d0f414c5486354528ddc1338733f35da4cda3f077ac898fa84826d,SELL,0.00675339,1.000000,148.0739,0.0234641719,0.0002693376,0.0237335095,375426,62.5001,0.140774
97158560,2026-06-26T04:17:12+00:00,0x9f8409f9d8ff111aca0000e2f14d0f0c5034ba1e74d5e10381f879fcc33b44e2,BUY,0.64896961,97.283514,149.9046,0.0226241702,0.0002953615,0.0229195318,361986,62.5001,0.153089
97158560,2026-06-26T04:17:12+00:00,0x9f8409f9d8ff111aca0000e2f14d0f0c5034ba1e74d5e10381f879fcc33b44e2,BUY,0.00659845,0.999086,151.4122,0.0226241702,0.0002953615,0.0229195318,361986,62.5001,0.153089
97168623,2026-06-26T09:52:38+00:00,0x39573cedc15bfa021efd23c31c0d28dde78e3c92a073a6946d06314dbb7f1575,BUY,0.46141565,69.860000,151.4036,0.0189008378,0.0002793404,0.0191801782,378016,50.0001,0.129329
97172714,2026-06-26T12:09:00+00:00,0xd4d8828c4b2e64a13c373592d821b729208c4e093d3b4fd423f13e7cc3a8bcb1,BUY,0.30938532,46.842058,151.4036,0.0225965452,0.0006678693,0.0232644144,361544,62.5001,0.344939
97172714,2026-06-26T12:09:00+00:00,0xd4d8828c4b2e64a13c373592d821b729208c4e093d3b4fd423f13e7cc3a8bcb1,BUY,0.00655878,1.003010,152.9264,0.0225965452,0.0006678693,0.0232644144,361544,62.5001,0.344939
97178233,2026-06-26T15:12:58+00:00,0x94b2b7e632b4aee9b2bc95e9af0994795f90ab4197ad97d708881329c05a1f1a,BUY,0.69650079,106.507270,152.9177,0.0225977952,0.0033448219,0.0259426171,361564,62.5001,1.734609
97178233,2026-06-26T15:12:58+00:00,0x94b2b7e632b4aee9b2bc95e9af0994795f90ab4197ad97d708881329c05a1f1a,BUY,0.00651318,1.005997,154.4556,0.0225977952,0.0033448219,0.0259426171,361564,62.5001,1.734609
97178675,2026-06-26T15:27:42+00:00,0xfcea6ba1b285aab42dcf69b8f06dbfc60417d34cee5544736045bfac7c7d49eb,BUY,0.37026524,57.189545,154.4556,0.0226109202,0.0044775416,0.0270884619,361774,62.5001,2.301266
97178675,2026-06-26T15:27:42+00:00,0xfcea6ba1b285aab42dcf69b8f06dbfc60417d34cee5544736045bfac7c7d49eb,BUY,0.00642672,1.002741,156.0269,0.0226109202,0.0044775416,0.0270884619,361774,62.5001,2.301266
97180381,2026-06-26T16:24:34+00:00,0xa4656001162d41b72218121c67d7aef55738f62f3bddda090c7d8d6dee2b8167,BUY,0.45838232,71.503656,155.9913,0.0226341703,0.0019093868,0.0245435570,362146,62.5001,0.981344
97180381,2026-06-26T16:24:34+00:00,0xa4656001162d41b72218121c67d7aef55738f62f3bddda090c7d8d6dee2b8167,BUY,0.00636172,1.002355,157.5604,0.0226341703,0.0019093868,0.0245435570,362146,62.5001,0.981344
97182669,2026-06-26T17:40:50+00:00,0x07439e78219ed34394f8a9fa30ee498eab3d8e5b40ba17cb93e11f1a1c419ec8,SELL,0.55596372,86.542706,155.6625,0.0224982325,0.0008000423,0.0232982748,359971,62.5001,0.403158
97182669,2026-06-26T17:40:50+00:00,0x07439e78219ed34394f8a9fa30ee498eab3d8e5b40ba17cb93e11f1a1c419ec8,SELL,0.00648876,1.000000,154.1125,0.0224982325,0.0008000423,0.0232982748,359971,62.5001,0.403158
97183948,2026-06-26T18:23:28+00:00,0xeaebf743c51eefc5ca0568533852f0fbbbbc6c2f5fdce77dd3b690be5a9a4a53,SELL,0.45465845,70.072548,154.1213,0.0224994825,0.0003560043,0.0228554868,359991,62.5001,0.184287
97183948,2026-06-26T18:23:28+00:00,0xeaebf743c51eefc5ca0568533852f0fbbbbc6c2f5fdce77dd3b690be5a9a4a53,SELL,0.00655365,1.000000,152.5867,0.0224994825,0.0003560043,0.0228554868,359991,62.5001,0.184287
97184784,2026-06-26T18:51:20+00:00,0x8a4cc4a78fa27d57858f6a3e5132aac27687b592fdfc6719523999a85ba9f1c0,SELL,0.15807413,24.121033,152.5932,0.0224982325,0.0003943826,0.0228926151,359971,62.5001,0.203130
97184784,2026-06-26T18:51:20+00:00,0x8a4cc4a78fa27d57858f6a3e5132aac27687b592fdfc6719523999a85ba9f1c0,SELL,0.07054497,10.656889,151.0652,0.0224982325,0.0003943826,0.0228926151,359971,62.5001,0.203130
97186559,2026-06-26T19:50:30+00:00,0x3ae7d6e4bf53dd3bd074c121d4252d828ef8f2290041daca54cf549e7d31b5b5,BUY,0.40493413,61.921579,152.9177,0.0211064172,0.0002262118,0.0213326290,337702,62.5001,0.117232
97186559,2026-06-26T19:50:30+00:00,0x3ae7d6e4bf53dd3bd074c121d4252d828ef8f2290041daca54cf549e7d31b5b5,BUY,0.00646348,0.998321,154.4557,0.0211064172,0.0002262118,0.0213326290,337702,62.5001,0.117232
97187001,2026-06-26T20:05:14+00:00,0xa32c70664a95802f0de58d0b8958657becd3b68080ec945fdfe6d3f732b8aa4d,SELL,0.66274406,101.130219,152.5932,0.0210018545,0.0003433699,0.0213452244,336029,62.5001,0.178383
97187001,2026-06-26T20:05:14+00:00,0xa32c70664a95802f0de58d0b8958657becd3b68080ec945fdfe6d3f732b8aa4d,SELL,0.00661966,1.000000,151.0652,0.0210018545,0.0003433699,0.0213452244,336029,62.5001,0.178383
97194428,2026-06-27T00:12:48+00:00,0xbeb6e933c302d018d594eb7c577ec9e8799c82944add61a68bdf52d44856ca3c,BUY,0.34823441,53.251191,152.9177,0.0211327923,0.0001876750,0.0213204673,338124,62.5001,0.098978
97194428,2026-06-27T00:12:48+00:00,0xbeb6e933c302d018d594eb7c577ec9e8799c82944add61a68bdf52d44856ca3c,BUY,0.00649898,1.003806,154.4558,0.0211327923,0.0001876750,0.0213204673,338124,62.5001,0.098978
97307456,2026-06-29T15:00:24+00:00,0xa8c606ff7fce97919e127e05b2ca8ae7a95b0a97f847ed58c6de6eaff47a7356,BUY,0.00000104,0.000163,156.3609,0.0187901130,0.0012876586,0.0200777716,375652,50.0200,0.592876
97307456,2026-06-29T15:00:24+00:00,0xa8c606ff7fce97919e127e05b2ca8ae7a95b0a97f847ed58c6de6eaff47a7356,BUY,0.00000535,0.000836,156.1743,0.0187901130,0.0012876586,0.0200777716,375652,50.0200,0.592876
97309611,2026-06-29T16:12:14+00:00,0xeb0e6676eba196c81409bbceeece36cdcf70643ca9cafbddd8b7cee82f3f1b37,BUY,0.14539424,22.680238,155.9913,0.0226341703,0.0003891922,0.0230233625,362146,62.5001,0.197936
97309611,2026-06-29T16:12:14+00:00,0xeb0e6676eba196c81409bbceeece36cdcf70643ca9cafbddd8b7cee82f3f1b37,BUY,0.00633078,0.997479,157.5603,0.0226341703,0.0003891922,0.0230233625,362146,62.5001,0.197936
97311463,2026-06-29T17:13:58+00:00,0x53e805e9d667fb7775caea4c0107c2d151309b1bbebc4c6121d768d2121777a7,BUY,0.01729178,2.724342,157.5513,0.0235889222,0.0004946627,0.0240835849,377422,62.5001,0.247920
97311463,2026-06-29T17:13:58+00:00,0x53e805e9d667fb7775caea4c0107c2d151309b1bbebc4c6121d768d2121777a7,BUY,0.25057523,39.875483,159.1358,0.0235889222,0.0004946627,0.0240835849,377422,62.5001,0.247920
97311463,2026-06-29T17:13:58+00:00,0x53e805e9d667fb7775caea4c0107c2d151309b1bbebc4c6121d768d2121777a7,BUY,0.00624044,1.003180,160.7546,0.0235889222,0.0004946627,0.0240835849,377422,62.5001,0.247920
97314844,2026-06-29T19:06:40+00:00,0xce89863088d97a3e3aa8703b33ec8edde1a7ad7b668644d970bd63d98afae803,BUY,0.00537785,0.864318,160.7182,0.0235612971,0.0002278310,0.0237891281,376980,62.5001,0.113736
97314844,2026-06-29T19:06:40+00:00,0xce89863088d97a3e3aa8703b33ec8edde1a7ad7b668644d970bd63d98afae803,BUY,0.23001111,37.338717,162.3344,0.0235612971,0.0002278310,0.0237891281,376980,62.5001,0.113736
97314844,2026-06-29T19:06:40+00:00,0xce89863088d97a3e3aa8703b33ec8edde1a7ad7b668644d970bd63d98afae803,BUY,0.00611116,1.002143,163.9858,0.0235612971,0.0002278310,0.0237891281,376980,62.5001,0.113736
97341179,2026-06-30T09:44:30+00:00,0x1cdb7c84d13672ef514a5344be8ad7e6cba0cf127c00b7a01ea1e89bc2d4c02e,BUY,0.19747002,32.374901,163.9484,0.0188116376,0.0001620251,0.0189736627,376232,50.0001,0.074174
97341179,2026-06-30T09:44:30+00:00,0x1cdb7c84d13672ef514a5344be8ad7e6cba0cf127c00b7a01ea1e89bc2d4c02e,BUY,0.08593999,14.231432,165.5973,0.0188116376,0.0001620251,0.0189736627,376232,50.0001,0.074174
97347118,2026-06-30T13:02:28+00:00,0x763094e1ff4df2593ddca2597b1770fc22393dde6e756cdfe1b01a4915dabc4b,SELL,0.86486435,141.494280,163.6029,0.0215751682,0.0007405842,0.0223157524,345202,62.5001,0.367534
97349712,2026-06-30T14:28:56+00:00,0x4990cdb59a13d9a9049dd5ad5a8614df52e2918a939b8ab711a1fe2271cdae2c,BUY,0.48045008,79.556726,165.5879,0.0226002952,0.0010230308,0.0236233260,361604,62.5001,0.515047
97349712,2026-06-30T14:28:56+00:00,0x4990cdb59a13d9a9049dd5ad5a8614df52e2918a939b8ab711a1fe2271cdae2c,BUY,0.00600542,1.004427,167.2534,0.0226002952,0.0010230308,0.0236233260,361604,62.5001,0.515047
97350450,2026-06-30T14:53:32+00:00,0x57329a63391bdb425b15e98991f04b1b2518fe187f1fe7965ccb8d8dec33e512,BUY,0.57170179,95.614933,167.2462,0.0226065452,0.0007813304,0.0233878757,361704,62.5001,0.394514
97350450,2026-06-30T14:53:32+00:00,0x57329a63391bdb425b15e98991f04b1b2518fe187f1fe7965ccb8d8dec33e512,BUY,0.00595104,1.005356,168.9380,0.0226065452,0.0007813304,0.0233878757,361704,62.5001,0.394514
97351000,2026-06-30T15:11:52+00:00,0xff53f0df66d679dab1dcbf7fe9f996b161d5b17312d10eaa31ed6be5d5c126d1,BUY,0.29025782,49.030825,168.9216,0.0226027952,0.0012499323,0.0238527275,361644,62.5001,0.631796
97351000,2026-06-30T15:11:52+00:00,0xff53f0df66d679dab1dcbf7fe9f996b161d5b17312d10eaa31ed6be5d5c126d1,BUY,0.00587925,1.003207,170.6353,0.0226027952,0.0012499323,0.0238527275,361644,62.5001,0.631796
97351052,2026-06-30T15:13:36+00:00,0x7f54fb9a425709460d66499714c29da72f8c5198010368bbe61b9873aeb3b2b0,BUY,0.20705939,35.331598,170.6351,0.0187900376,0.0013121297,0.0201021673,375800,50.0001,0.591478
97351052,2026-06-30T15:13:36+00:00,0x7f54fb9a425709460d66499714c29da72f8c5198010368bbe61b9873aeb3b2b0,BUY,0.14642402,25.241382,172.3855,0.0187900376,0.0013121297,0.0201021673,375800,50.0001,0.591478
97382185,2026-07-01T08:31:22+00:00,0x7ba60865fe4a4a668aefa339d4e76f7aa06b73255500d643de54a9d8210070e0,BUY,0.52039651,89.670275,172.3114,0.0226392953,0.0002993842,0.0229386795,362228,62.5001,0.145511
97382185,2026-07-01T08:31:22+00:00,0x7ba60865fe4a4a668aefa339d4e76f7aa06b73255500d643de54a9d8210070e0,BUY,0.00576211,1.002864,174.0446,0.0226392953,0.0002993842,0.0229386795,362228,62.5001,0.145511
97384573,2026-07-01T09:50:58+00:00,0xe29e9f4ed3e3d5d4af5c5a0f98da1748836d5852d89d9a2f49bb394bde355e75,BUY,0.66325149,115.428680,174.0346,0.0178088356,0.0002968725,0.0181057082,356176,50.0001,0.128454
97384740,2026-07-01T09:56:32+00:00,0x5210e24cb9959506c256cc5d03a05ca402dbdc420f1953801118f836c7932840,BUY,0.00000385,0.000672,174.4698,0.0337764176,0.0007898385,0.0345662560,675527,50.0001,0.237497
97384740,2026-07-01T09:56:32+00:00,0x5210e24cb9959506c256cc5d03a05ca402dbdc420f1953801118f836c7932840,BUY,0.00229989,0.404286,175.7851,0.0337764176,0.0007898385,0.0345662560,675527,50.0001,0.237497
97391376,2026-07-01T13:37:44+00:00,0x3f639fd985fc42be2a8ebda0bf0f8cdafc0cad780d1f2a677b04d5a46b63c08d,SELL,0.19946080,34.639904,173.6677,0.0195398891,0.0007952584,0.0203351475,390797,50.0001,0.349081
97391376,2026-07-01T13:37:44+00:00,0x3f639fd985fc42be2a8ebda0bf0f8cdafc0cad780d1f2a677b04d5a46b63c08d,SELL,0.44864439,77.139233,171.9385,0.0195398891,0.0007952584,0.0203351475,390797,50.0001,0.349081
97391376,2026-07-01T13:37:44+00:00,0x3f639fd985fc42be2a8ebda0bf0f8cdafc0cad780d1f2a677b04d5a46b63c08d,SELL,0.34986009,59.548670,170.2071,0.0195398891,0.0007952584,0.0203351475,390797,50.0001,0.349081
97394793,2026-07-01T15:31:38+00:00,0xfb4c7dc8f1b5d8a7e1a405721fab0780fb8e36df55c388a5b5b474b764b73379,SELL,1.24816402,212.494670,170.2458,0.0205893912,0.0019286525,0.0225180437,411787,50.0001,0.841432
97394793,2026-07-01T15:31:38+00:00,0xfb4c7dc8f1b5d8a7e1a405721fab0780fb8e36df55c388a5b5b474b764b73379,SELL,0.45515917,76.717357,168.5506,0.0205893912,0.0019286525,0.0225180437,411787,50.0001,0.841432
97394793,2026-07-01T15:31:38+00:00,0xfb4c7dc8f1b5d8a7e1a405721fab0780fb8e36df55c388a5b5b474b764b73379,SELL,0.17789579,29.682507,166.8533,0.0205893912,0.0019286525,0.0225180437,411787,50.0001,0.841432
97394793,2026-07-01T15:31:38+00:00,0xfb4c7dc8f1b5d8a7e1a405721fab0780fb8e36df55c388a5b5b474b764b73379,SELL,0.17889447,29.545205,165.1544,0.0205893912,0.0019286525,0.0225180437,411787,50.0001,0.841432
97394793,2026-07-01T15:31:38+00:00,0xfb4c7dc8f1b5d8a7e1a405721fab0780fb8e36df55c388a5b5b474b764b73379,SELL,0.38090837,62.261029,163.4541,0.0205893912,0.0019286525,0.0225180437,411787,50.0001,0.841432
97395128,2026-07-01T15:42:48+00:00,0x54bae03fb8e85267db2688453bd75a46f9ce14c6eb6c145990b3743ee61ad726,SELL,0.58982247,96.474710,163.5657,0.0190725881,0.0011017075,0.0201742956,381451,50.0001,0.483973
97395128,2026-07-01T15:42:48+00:00,0x54bae03fb8e85267db2688453bd75a46f9ce14c6eb6c145990b3743ee61ad726,SELL,0.18276510,29.589703,161.9002,0.0190725881,0.0011017075,0.0201742956,381451,50.0001,0.483973
97395128,2026-07-01T15:42:48+00:00,0x54bae03fb8e85267db2688453bd75a46f9ce14c6eb6c145990b3743ee61ad726,SELL,0.03614544,5.791707,160.2334,0.0190725881,0.0011017075,0.0201742956,381451,50.0001,0.483973
97396434,2026-07-01T16:26:20+00:00,0xb3c55b0ce4764993029f33a8ece33a093042960d4ba2f0893c23089ca15f51dc,SELL,0.35429000,56.820759,160.3792,0.0177777856,0.0008900554,0.0186678409,355555,50.0001,0.391248
97396901,2026-07-01T16:41:54+00:00,0xef4e4c596bfb38378c35f4c48b911a9947b2bbe5675484e57ea70ba09d76ef73,SELL,0.84982256,136.293893,160.3792,0.0194079388,0.0006930566,0.0201009954,388158,50.0001,0.309957
97396901,2026-07-01T16:41:54+00:00,0xef4e4c596bfb38378c35f4c48b911a9947b2bbe5675484e57ea70ba09d76ef73,SELL,0.01843709,2.927483,158.7823,0.0194079388,0.0006930566,0.0201009954,388158,50.0001,0.309957
97398133,2026-07-01T17:22:58+00:00,0xe68eb088a6a3818a1f72f2bfe4c4ed170d2b9bca4ab1ef918827f261b1413b96,BUY,0.51275831,82.409489,160.7180,0.0226467953,0.0022108541,0.0248576494,362348,62.5001,1.098191
97398133,2026-07-01T17:22:58+00:00,0xe68eb088a6a3818a1f72f2bfe4c4ed170d2b9bca4ab1ef918827f261b1413b96,BUY,0.00618396,1.003870,162.3346,0.0226467953,0.0022108541,0.0248576494,362348,62.5001,1.098191
